id,first_name,last_name,gender,Address,email,SSN
1,Gwenni,Margach,Female,1 Saint Paul Place,gmargach0@seesaa.net,173-92-0216
2,Ursola,Vinton,Female,14648 Oak Parkway,uvinton1@blogger.com,452-78-7034
3,Howey,Gaucher,Male,27275 Towne Way,hgaucher2@ox.ac.uk,803-44-0290
4,Cris,Smedmore,Female,1 Morning Point,csmedmore3@theguardian.com,248-55-2959
5,Moyra,Goroni,Female,94 Steensland Pass,mgoroni4@gnu.org,451-33-7791
6,Filberte,Keyho,Male,205 Sauthoff Trail,fkeyho5@noaa.gov,811-22-0744
7,Ripley,Lyfe,Male,608 Sheridan Road,rlyfe6@is.gd,245-47-6748
8,Danell,Iskower,Female,47 Harper Hill,diskower7@tamu.edu,749-03-5585
9,Fallon,Gaine,Female,2 Doe Crossing Lane,fgaine8@forbes.com,599-94-8606
10,Asher,Hayles,Male,19688 Brown Circle,ahayles9@sfgate.com,655-77-8180
11,Gal,Tipper,Male,92124 Sloan Hill,gtippera@hao123.com,684-41-1328
12,Paule,Castagneto,Female,51238 Stang Street,pcastagnetob@skype.com,484-57-5135
13,Ertha,Perryn,Female,77575 Chinook Center,eperrync@furl.net,639-85-0422
14,Lothario,Tulley,Male,67 Starling Center,ltulleyd@ucoz.ru,492-21-5416
15,Cherise,Morrell,Female,5 Corscot Alley,cmorrelle@wikipedia.org,698-95-5215
16,Alison,Arnaudet,Female,80040 Sachs Center,aarnaudetf@is.gd,112-85-1887
17,Jaye,Spavon,Male,6957 Red Cloud Terrace,jspavong@posterous.com,544-08-3776
18,Muhammad,Faithfull,Male,781 Pine View Way,mfaithfullh@npr.org,880-83-3052
19,Angelina,Mousby,Female,4 Kennedy Way,amousbyi@scribd.com,124-33-1682
20,Avivah,Gland,Female,1 Buhler Alley,aglandj@google.com.br,373-76-6154
21,Shirline,Doggart,Female,82 Oneill Trail,sdoggartk@phpbb.com,429-12-1719
22,Della,Draysay,Female,23901 Lighthouse Bay Parkway,ddraysayl@goodreads.com,339-73-8979
23,Jody,Landsborough,Male,53 Vermont Point,jlandsboroughm@state.gov,733-82-9415
24,Brad,Malec,Male,2 Summit Crossing,bmalecn@ucoz.com,793-62-5550
25,Nataniel,Colborn,Male,52020 Bowman Center,ncolborno@joomla.org,136-92-0539
26,Kellsie,Lightwood,Female,6418 Coleman Road,klightwoodp@cloudflare.com,562-40-5680
27,Kelcey,De Winton,Female,74251 Beilfuss Court,kdewintonq@indiatimes.com,787-13-1954
28,Codie,Kemm,Male,376 Sugar Place,ckemmr@samsung.com,893-69-0183
29,Sophia,Polkinghorne,Female,7642 Bowman Center,spolkinghornes@abc.net.au,574-65-4847
30,Mycah,Ridolfo,Male,09 Bobwhite Terrace,mridolfot@census.gov,457-47-2054
31,Nelle,Lawrenceson,Female,1 Merrick Park,nlawrencesonu@arstechnica.com,295-11-2952
32,Sigismund,Badham,Male,5324 Marcy Point,sbadhamv@weather.com,584-43-7294
33,Greg,Oglesbee,Male,9950 Hintze Place,goglesbeew@whitehouse.gov,744-32-7673
34,Preston,Ingliby,Male,82648 Chive Center,pinglibyx@google.es,389-84-4213
35,Sigismundo,Le Estut,Male,49760 Oak Street,sleestuty@uiuc.edu,576-07-0680
36,Sergei,Ollive,Male,8519 Vera Plaza,sollivez@umich.edu,838-56-3398
37,Astra,Bennedick,Female,5656 Eagan Avenue,abennedick10@booking.com,648-83-9050
38,Jillene,Eustes,Female,806 Algoma Hill,jeustes11@state.tx.us,358-19-9114
39,Mikaela,Vasyunkin,Female,0743 Pawling Plaza,mvasyunkin12@unicef.org,638-05-6328
40,Muffin,Rottgers,Female,261 Randy Hill,mrottgers13@japanpost.jp,272-80-6505
41,Hailey,Bruin,Male,5 Bunting Plaza,hbruin14@github.com,775-06-9834
42,Jared,Arpur,Male,21 Brickson Park Pass,jarpur15@ted.com,438-10-9049
43,Hermia,Clemmett,Female,43 Southridge Court,hclemmett16@google.co.jp,126-74-8390
44,Teresa,Ehlerding,Female,36888 Lien Junction,tehlerding17@oracle.com,663-04-2992
45,Marnia,Choffin,Female,55 Oriole Park,mchoffin18@aol.com,835-55-6223
46,Isadora,Carswell,Female,7 Forest Run Place,icarswell19@usnews.com,359-41-8714
47,Edita,Gallandre,Female,425 Mandrake Lane,egallandre1a@hud.gov,368-50-8210
48,Hallie,Cusack,Female,04 Autumn Leaf Court,hcusack1b@netlog.com,459-30-4072
49,Haydon,Lawtie,Male,632 Annamark Circle,hlawtie1c@geocities.jp,334-66-9396
50,Louisa,Morrall,Female,251 Clarendon Avenue,lmorrall1d@shutterfly.com,237-55-6684
51,Starla,Howsley,Female,1 Kingsford Court,showsley1e@flavors.me,877-38-8299
52,Archibaldo,McCraw,Male,11862 Declaration Parkway,amccraw1f@mtv.com,884-70-6303
53,Dayle,Stennet,Female,06 Mosinee Court,dstennet1g@rambler.ru,289-89-3781
54,Dougy,Tather,Male,28 Hermina Pass,dtather1h@senate.gov,539-87-4196
55,Thomasina,Jocic,Female,22924 Anderson Junction,tjocic1i@quantcast.com,401-58-0181
56,Gonzales,Moughtin,Male,52 Paget Alley,gmoughtin1j@purevolume.com,157-58-3163
57,Aubrey,Motion,Male,7 Ronald Regan Lane,amotion1k@ucla.edu,364-53-0660
58,Casey,Dugmore,Female,21116 Eastwood Plaza,cdugmore1l@cbsnews.com,655-16-9870
59,Sidnee,Shurville,Male,45068 Warner Avenue,sshurville1m@4shared.com,368-85-0295
60,Sarette,Sponton,Female,762 Mendota Parkway,ssponton1n@simplemachines.org,130-90-3729
61,Maye,Roblou,Female,57208 Mandrake Avenue,mroblou1o@nifty.com,655-14-6281
62,Tabitha,Robbings,Female,445 Grover Terrace,trobbings1p@huffingtonpost.com,236-36-2342
63,Hermie,Stammer,Male,54450 Sheridan Lane,hstammer1q@npr.org,758-48-8883
64,Austine,Lerhinan,Female,23538 Ohio Court,alerhinan1r@zimbio.com,514-60-3884
65,Tommie,MacDiarmond,Male,42 Arkansas Road,tmacdiarmond1s@deviantart.com,845-67-7435
66,Bunny,Spall,Female,3454 Tennyson Lane,bspall1t@prlog.org,527-80-2788
67,Carolee,Calderhead,Female,8 Swallow Junction,ccalderhead1u@hc360.com,554-72-9903
68,Maridel,Pendell,Female,2 Roxbury Pass,mpendell1v@macromedia.com,476-55-0685
69,Klement,Kipling,Male,1 Namekagon Center,kkipling1w@squidoo.com,708-96-4270
70,Mufi,Dunne,Female,2763 Derek Hill,mdunne1x@sitemeter.com,390-39-9505
71,Gillian,Demcak,Female,9 Northland Hill,gdemcak1y@webeden.co.uk,248-22-0071
72,Amara,Philpots,Female,94429 Hoard Road,aphilpots1z@nba.com,728-52-5684
73,Adina,Swarbrigg,Female,388 Main Place,aswarbrigg20@de.vu,177-67-0374
74,Arden,Pauncefoot,Female,3059 Sage Terrace,apauncefoot21@ft.com,148-28-5656
75,Joyann,Donizeau,Female,540 Dawn Alley,jdonizeau22@amazon.de,194-92-1511
76,Sherwin,Thorne,Male,48 Northwestern Plaza,sthorne23@bbc.co.uk,191-84-2017
77,Kathryn,July,Female,86 Bashford Junction,kjuly24@dailymotion.com,815-95-7740
78,Britta,Eliff,Female,4 Westerfield Pass,beliff25@wordpress.org,844-60-8593
79,Sherie,Carncross,Female,827 Jenifer Point,scarncross26@ow.ly,891-95-4096
80,Nicolina,Digginson,Female,29531 Clove Trail,ndigginson27@loc.gov,103-64-2847
81,Bunni,Quartermain,Female,75601 Forest Court,bquartermain28@tiny.cc,765-93-2865
82,Mic,MacCook,Male,290 Pond Street,mmaccook29@bbc.co.uk,860-35-7366
83,Trip,Ceillier,Male,02097 Atwood Place,tceillier2a@amazon.com,214-08-3489
84,Michaela,Scranney,Female,0 Main Drive,mscranney2b@amazon.co.jp,177-11-0715
85,Ilka,Pinare,Female,31 Truax Junction,ipinare2c@bing.com,227-50-1526
86,Merrielle,Dressel,Female,2812 Aberg Way,mdressel2d@fc2.com,793-15-0272
87,Devon,Wethey,Female,15 Grover Hill,dwethey2e@php.net,294-48-6203
88,Adara,Sacher,Female,041 La Follette Drive,asacher2f@ustream.tv,462-11-0098
89,Allina,de Keep,Female,89 Grim Parkway,adekeep2g@feedburner.com,442-77-0484
90,Georgie,Spencelayh,Female,8 Elgar Pass,gspencelayh2h@latimes.com,762-20-6817
91,Constantine,Ughelli,Male,81730 Summerview Road,cughelli2i@taobao.com,765-66-5002
92,Justis,Cobbled,Male,23980 Starling Center,jcobbled2j@sitemeter.com,865-93-2973
93,Fidole,Benstead,Male,6 Ronald Regan Lane,fbenstead2k@soundcloud.com,299-17-9657
94,Eric,Robers,Male,7532 Hansons Trail,erobers2l@usgs.gov,439-37-7556
95,Sammie,Jeeks,Male,90 Cascade Lane,sjeeks2m@sphinn.com,221-89-4029
96,Courtnay,Aleveque,Male,5349 Farwell Parkway,caleveque2n@devhub.com,731-59-8264
97,Ives,Itzig,Male,56 Erie Trail,iitzig2o@smh.com.au,117-82-0559
98,Bret,Aspital,Male,77473 Blaine Lane,baspital2p@un.org,105-55-8055
99,Martica,Lark,Female,371 Mayer Pass,mlark2q@deviantart.com,469-94-9923
100,Rocky,Smythin,Male,7823 Rigney Junction,rsmythin2r@mozilla.com,222-53-5997
101,Melloney,Ferrino,Female,70107 Almo Street,mferrino2s@hhs.gov,484-92-3113
102,Ash,Sindall,Male,0950 Heath Center,asindall2t@merriam-webster.com,312-34-1042
103,Vitia,Wareing,Female,5 Sloan Terrace,vwareing2u@nationalgeographic.com,440-50-5246
104,Simona,McIlroy,Female,1859 Ronald Regan Junction,smcilroy2v@mapquest.com,687-26-7147
105,Giffy,Puig,Male,124 Dapin Crossing,gpuig2w@creativecommons.org,245-35-9473
106,Faulkner,Esilmon,Male,09 Rockefeller Way,fesilmon2x@ebay.com,261-82-8021
107,Sonni,Gerardi,Female,1 Kennedy Park,sgerardi2y@prweb.com,547-63-9619
108,Red,Scotney,Male,9 Dorton Road,rscotney2z@privacy.gov.au,672-63-8977
109,Tobit,Passfield,Male,2 Knutson Street,tpassfield30@disqus.com,296-96-6006
110,Shae,Corser,Female,7136 Chive Trail,scorser31@army.mil,115-01-7838
111,Barbaraanne,Pollicote,Female,900 Green Ridge Crossing,bpollicote32@wikia.com,279-22-5920
112,Gabi,Stanway,Female,0657 Reinke Road,gstanway33@bizjournals.com,778-16-9578
113,Amelie,Harkness,Female,95936 Knutson Hill,aharkness34@goo.ne.jp,137-45-1682
114,Arielle,Woolliams,Female,679 Bartelt Court,awoolliams35@typepad.com,386-64-8891
115,Anatollo,Swetman,Male,71 Paget Center,aswetman36@loc.gov,268-58-8212
116,Sharl,Kibard,Female,626 Canary Road,skibard37@who.int,632-40-1006
117,Innis,Buckles,Male,85 High Crossing Plaza,ibuckles38@devhub.com,372-51-0851
118,Kanya,Bruggen,Female,6654 Bluejay Crossing,kbruggen39@umich.edu,422-01-3757
119,Burgess,Stickells,Male,9 Melody Pass,bstickells3a@ucsd.edu,495-87-4950
120,Josh,Alasdair,Male,7 Tomscot Crossing,jalasdair3b@webnode.com,146-57-8701
121,Kaylil,Strong,Female,65 Maple Wood Lane,kstrong3c@google.de,118-42-1045
122,Patricio,Ferrai,Male,8711 Lillian Park,pferrai3d@tumblr.com,204-56-9990
123,Lacee,Ferronier,Female,7693 Kennedy Drive,lferronier3e@creativecommons.org,466-94-6769
124,Bliss,Heffron,Female,762 Drewry Pass,bheffron3f@hubpages.com,469-24-0137
125,Stanislas,Izhak,Male,5068 Stone Corner Terrace,sizhak3g@hhs.gov,459-40-5905
126,Evered,Trenoweth,Male,814 Armistice Parkway,etrenoweth3h@nps.gov,759-08-0530
127,Toddy,Lefeuvre,Male,59 Russell Road,tlefeuvre3i@theglobeandmail.com,238-30-3819
128,Babb,Klug,Female,9 Schlimgen Parkway,bklug3j@nifty.com,321-41-9057
129,Hanni,Plumptre,Female,1 Vahlen Junction,hplumptre3k@google.pl,781-22-6431
130,Quillan,Udall,Male,53 Menomonie Avenue,qudall3l@t-online.de,894-60-1630
131,Harley,Ruckledge,Female,34 Melody Drive,hruckledge3m@xing.com,525-69-1285
132,Titos,Schlagtmans,Male,24587 Eagan Road,tschlagtmans3n@51.la,214-11-9601
133,Bruis,Meany,Male,45383 Garrison Terrace,bmeany3o@digg.com,335-55-2730
134,Wesley,Pitblado,Male,416 Buell Pass,wpitblado3p@loc.gov,358-29-3922
135,Alfonse,Shorthill,Male,4389 Boyd Road,ashorthill3q@prlog.org,720-09-7046
136,Stephie,Fowley,Female,96954 Fair Oaks Place,sfowley3r@adobe.com,809-49-2064
137,Lyssa,Knighton,Female,1 Dwight Plaza,lknighton3s@altervista.org,507-24-9192
138,Sutton,Dinnies,Male,083 Clyde Gallagher Plaza,sdinnies3t@tinypic.com,186-48-0604
139,Lurleen,Izard,Female,1 Becker Avenue,lizard3u@moonfruit.com,140-75-5939
140,Kaye,Passion,Female,1768 Maryland Court,kpassion3v@elpais.com,739-61-0413
141,Gael,Drance,Male,4 Commercial Hill,gdrance3w@scientificamerican.com,324-97-8320
142,Garvin,Jerzak,Male,43600 Pleasure Park,gjerzak3x@java.com,645-34-6097
143,Darsie,Cargen,Female,20 Lien Plaza,dcargen3y@usnews.com,148-48-1114
144,Augustine,Clair,Male,32 Fieldstone Court,aclair3z@imgur.com,520-44-1240
145,Kylie,Vigrass,Male,8331 Drewry Parkway,kvigrass40@phoca.cz,206-78-3043
146,Erhard,Blaxall,Male,253 Golden Leaf Park,eblaxall41@bravesites.com,189-30-5248
147,Kippie,Shottin,Female,711 Melby Park,kshottin42@cnbc.com,493-52-9790
148,Jorge,Burkert,Male,05 Maple Wood Way,jburkert43@bloglines.com,284-79-9660
149,Alric,Kittoe,Male,4 Annamark Hill,akittoe44@exblog.jp,748-08-9148
150,Lane,Bellis,Male,89 Elka Plaza,lbellis45@wisc.edu,734-91-4732
151,Dorrie,Kahler,Female,373 Brentwood Street,dkahler46@homestead.com,867-74-5121
152,Nickie,Mathonnet,Female,07216 Hallows Way,nmathonnet47@rambler.ru,491-37-2248
153,Coralie,Jarred,Female,1396 Toban Crossing,cjarred48@bigcartel.com,243-36-3648
154,Delia,Clayal,Female,7798 Maryland Hill,dclayal49@elegantthemes.com,325-68-7215
155,Pembroke,Kynson,Male,4 Shasta Street,pkynson4a@plala.or.jp,837-82-8780
156,Cthrine,Ohanessian,Female,6 Vermont Alley,cohanessian4b@google.pl,496-17-1087
157,Kip,Capinetti,Male,14 Logan Junction,kcapinetti4c@creativecommons.org,377-98-1088
158,Clovis,Turneux,Female,7 Brickson Park Trail,cturneux4d@phoca.cz,271-28-8865
159,Abbey,Campes,Male,21750 Pawling Plaza,acampes4e@ucsd.edu,713-91-4600
160,Hamlin,Brockest,Male,173 Cascade Circle,hbrockest4f@washingtonpost.com,671-62-8135
161,Alessandra,Jann,Female,318 Caliangt Trail,ajann4g@liveinternet.ru,255-72-4570
162,Jdavie,Jeratt,Male,4 Sheridan Way,jjeratt4h@google.com.hk,725-18-9019
163,Myrah,Roper,Female,1 Moland Place,mroper4i@discovery.com,736-68-6958
164,Winfred,Shyram,Male,7456 Trailsway Drive,wshyram4j@canalblog.com,324-12-4543
165,Pall,Cadore,Male,77 Springview Crossing,pcadore4k@nasa.gov,145-26-0605
166,Audry,Rault,Female,6387 Tony Alley,arault4l@buzzfeed.com,865-66-4683
167,Bobby,Guiton,Female,43564 Messerschmidt Trail,bguiton4m@desdev.cn,689-85-1042
168,Jayme,Dunne,Male,05 Derek Hill,jdunne4n@timesonline.co.uk,676-83-4370
169,Kevon,Quail,Male,3 Kropf Crossing,kquail4o@livejournal.com,455-37-9816
170,Charis,MacTague,Female,611 Butterfield Court,cmactague4p@chronoengine.com,564-32-5186
171,Tate,Wingate,Male,04 Sundown Road,twingate4q@yellowpages.com,878-34-2112
172,Mickey,Kenninghan,Male,211 Beilfuss Pass,mkenninghan4r@friendfeed.com,433-40-7259
173,Clemmy,Pfaffe,Female,7505 Holy Cross Parkway,cpfaffe4s@tmall.com,392-91-6479
174,Meier,Ceschelli,Male,2 Novick Circle,mceschelli4t@last.fm,339-70-1459
175,Linda,Ashman,Female,1495 Di Loreto Road,lashman4u@chron.com,334-49-4078
176,Geno,Caygill,Male,91 Eggendart Park,gcaygill4v@reverbnation.com,339-50-0618
177,Staffard,Trower,Male,808 Center Junction,strower4w@phoca.cz,535-82-5825
178,Dana,Lamlin,Female,79546 Lukken Junction,dlamlin4x@bloglovin.com,414-31-2921
179,Phil,Hillan,Male,0 Toban Point,phillan4y@dyndns.org,560-57-2815
180,Petronilla,Roache,Female,76 Onsgard Place,proache4z@constantcontact.com,757-80-7440
181,Newton,Ghilardini,Male,2 Johnson Park,nghilardini50@amazon.com,446-48-5208
182,Hamel,MacEveley,Male,00290 Sunnyside Center,hmaceveley51@ovh.net,102-58-5536
183,Nariko,Stucksbury,Female,57113 Sage Avenue,nstucksbury52@cloudflare.com,504-12-9068
184,Eduino,Swatridge,Male,660 Coolidge Drive,eswatridge53@histats.com,445-54-3297
185,Eduard,Shopcott,Male,138 West Street,eshopcott54@barnesandnoble.com,840-95-8104
186,Etti,Batha,Female,80199 Sullivan Hill,ebatha55@amazon.co.uk,875-14-6537
187,Shell,Eloy,Male,74665 Fulton Road,seloy56@alibaba.com,762-41-6353
188,Ilyse,Creek,Female,1254 Bultman Alley,icreek57@sciencedaily.com,792-33-1792
189,Nettie,MacLleese,Female,7 Gale Court,nmaclleese58@microsoft.com,436-88-6969
190,Ignazio,Flintoffe,Male,1139 Scott Plaza,iflintoffe59@hibu.com,731-27-2840
191,Alva,Wrassell,Male,5 Hermina Place,awrassell5a@altervista.org,550-45-3446
192,Lona,Klimuk,Female,3165 Valley Edge Court,lklimuk5b@si.edu,852-57-7958
193,Marcille,Cunliffe,Female,9 Huxley Way,mcunliffe5c@hubpages.com,244-87-2228
194,Rayna,Walford,Female,79 Northfield Way,rwalford5d@desdev.cn,416-94-5562
195,Evelyn,Dominey,Male,984 Bonner Circle,edominey5e@imageshack.us,813-79-6406
196,Ivett,MacConneely,Female,13457 Brentwood Trail,imacconneely5f@last.fm,391-60-7261
197,Shayne,Kulas,Female,92 Mcguire Street,skulas5g@icio.us,435-82-7590
198,Hugibert,Measham,Male,6 Hoard Terrace,hmeasham5h@nbcnews.com,382-44-3290
199,Liliane,Shout,Female,2 Village Green Avenue,lshout5i@pen.io,262-87-6891
200,Rodolfo,Bedbrough,Male,60295 Memorial Pass,rbedbrough5j@opensource.org,861-58-6424
201,Norman,Guilford,Male,01 Eagle Crest Avenue,nguilford5k@parallels.com,572-83-5233
202,Bertie,Ruddy,Male,30627 Hoepker Center,bruddy5l@devhub.com,755-40-3621
203,Broddy,Orniz,Male,7 Cherokee Avenue,borniz5m@businessinsider.com,222-24-3980
204,Adara,MacNockater,Female,89950 Ryan Parkway,amacnockater5n@parallels.com,414-78-5682
205,Carmela,Goodnow,Female,00750 Carpenter Terrace,cgoodnow5o@chron.com,543-70-7357
206,Elston,Pepperill,Male,627 Jenna Plaza,epepperill5p@dailymotion.com,312-69-1404
207,Darbie,Pendrid,Female,4 Elgar Center,dpendrid5q@msn.com,827-95-9560
208,Rudolf,Blinde,Male,86988 Shelley Plaza,rblinde5r@uol.com.br,582-12-1834
209,Cathy,Frentz,Female,9900 Loftsgordon Street,cfrentz5s@pinterest.com,571-86-0275
210,Kalvin,Quant,Male,13 North Parkway,kquant5t@usgs.gov,291-13-9133
211,Colleen,Markovic,Female,454 Lerdahl Avenue,cmarkovic5u@moonfruit.com,477-76-1726
212,Junette,Meeson,Female,6 Katie Circle,jmeeson5v@typepad.com,172-10-6212
213,Zaneta,Rawlence,Female,4623 Mendota Center,zrawlence5w@wsj.com,391-69-4695
214,Dudley,Bolliver,Male,552 Prentice Way,dbolliver5x@eventbrite.com,387-53-8169
215,Rowan,Clavey,Male,40708 Prairieview Hill,rclavey5y@reuters.com,794-79-9581
216,Ofella,Zanotti,Female,0221 Bashford Plaza,ozanotti5z@upenn.edu,835-94-7947
217,Marlo,Pitson,Female,5557 Manitowish Road,mpitson60@hud.gov,376-29-0541
218,Leanor,Ablitt,Female,7537 Sullivan Drive,lablitt61@artisteer.com,676-43-3472
219,Lynett,Leicester,Female,36 Gerald Drive,lleicester62@delicious.com,419-46-7497
220,Jeff,Tims,Male,993 Michigan Park,jtims63@nyu.edu,578-27-6668
221,Maxie,Duiged,Female,1 Farmco Lane,mduiged64@va.gov,152-39-7787
222,Daisy,Cuffin,Female,17 Westport Circle,dcuffin65@quantcast.com,573-26-4195
223,Parke,Yanov,Male,3373 Blaine Circle,pyanov66@wordpress.org,422-24-3719
224,Valerie,Hadfield,Female,0 Farmco Junction,vhadfield67@csmonitor.com,477-05-0398
225,Joell,Casotti,Female,3983 Prentice Place,jcasotti68@google.co.jp,815-20-8285
226,Cory,Cowles,Female,1842 Coolidge Trail,ccowles69@nps.gov,553-19-5552
227,Violette,Buckleigh,Female,92 Sage Pass,vbuckleigh6a@webeden.co.uk,427-96-3590
228,Gerrie,Blaschke,Male,244 Sauthoff Road,gblaschke6b@sakura.ne.jp,420-21-6521
229,Che,Tythe,Male,8 Mallory Circle,ctythe6c@flavors.me,730-88-1003
230,Tommie,Leijs,Male,65 Del Sol Road,tleijs6d@time.com,143-61-9965
231,Hobey,Brazil,Male,0999 Northland Crossing,hbrazil6e@google.com,672-78-9869
232,Thurstan,Rollin,Male,6990 Norway Maple Street,trollin6f@joomla.org,691-74-1129
233,Nilson,Itzakovitz,Male,34 Rieder Park,nitzakovitz6g@cisco.com,146-34-4391
234,Desirae,Seabert,Female,2860 Pankratz Road,dseabert6h@paypal.com,399-52-0094
235,Derick,Audenis,Male,9415 Daystar Way,daudenis6i@infoseek.co.jp,107-61-2994
236,Marcos,Hilland,Male,1 Brickson Park Point,mhilland6j@godaddy.com,836-12-4357
237,Dennet,Gimenez,Male,864 Comanche Center,dgimenez6k@miibeian.gov.cn,745-50-1067
238,Cayla,Dudson,Female,0 Lillian Hill,cdudson6l@yellowpages.com,884-14-8258
239,Tammie,Ingerith,Male,115 Lunder Center,tingerith6m@miitbeian.gov.cn,629-66-0592
240,Kriste,Fingleton,Female,78760 Nova Avenue,kfingleton6n@techcrunch.com,450-18-9073
241,Hope,Benoiton,Female,19 Schurz Parkway,hbenoiton6o@dyndns.org,808-40-5204
242,Danni,Blockwell,Female,51 Grover Point,dblockwell6p@intel.com,230-21-5096
243,Fransisco,Pellman,Male,54 Milwaukee Circle,fpellman6q@lulu.com,309-30-0003
244,Kira,Seid,Female,29758 Sherman Junction,kseid6r@un.org,238-14-5897
245,Doloritas,Beazley,Female,1937 Tomscot Court,dbeazley6s@theatlantic.com,522-76-5061
246,Horten,Smeuin,Male,9204 Morning Terrace,hsmeuin6t@cloudflare.com,740-39-6139
247,Bren,Merner,Male,357 Shelley Street,bmerner6u@flavors.me,540-96-8404
248,Steffie,Pleager,Female,967 Lukken Center,spleager6v@china.com.cn,469-89-6669
249,Kahlil,Margaritelli,Male,12 Randy Avenue,kmargaritelli6w@posterous.com,448-60-5845
250,Jaquelyn,Berick,Female,3996 Maryland Road,jberick6x@theatlantic.com,812-43-5209
251,Tallulah,Fleeming,Female,2328 Mariners Cove Avenue,tfleeming6y@vkontakte.ru,318-40-3157
252,Amberly,Blundel,Female,6382 Killdeer Drive,ablundel6z@omniture.com,372-44-5139
253,Marget,Golthorpp,Female,3 Waubesa Avenue,mgolthorpp70@unc.edu,275-39-8341
254,Stu,McClenan,Male,2 Aberg Court,smcclenan71@acquirethisname.com,156-54-6821
255,Clare,Scranedge,Male,60 Carioca Terrace,cscranedge72@hubpages.com,112-80-6333
256,Sayers,Daniel,Male,8 Shasta Plaza,sdaniel73@wordpress.org,257-99-6429
257,Alida,Lindborg,Female,70927 Katie Center,alindborg74@plala.or.jp,134-98-8803
258,Hall,Goracci,Male,317 Morrow Avenue,hgoracci75@nature.com,152-76-2218
259,Shermy,Yuryichev,Male,9 Warbler Trail,syuryichev76@homestead.com,192-74-5512
260,Rockey,Gyer,Male,706 Donald Pass,rgyer77@geocities.jp,176-28-2744
261,Charisse,Tomasello,Female,13347 Duke Point,ctomasello78@4shared.com,828-03-8315
262,Kirby,Chase,Male,9 Sauthoff Hill,kchase79@gravatar.com,618-74-2044
263,Jilly,Seivwright,Female,6084 Miller Crossing,jseivwright7a@behance.net,777-17-7183
264,Olly,Lambertini,Female,93329 Nevada Road,olambertini7b@blogtalkradio.com,142-08-4243
265,Lorene,McKniely,Female,8 Golf Avenue,lmckniely7c@is.gd,436-16-2443
266,Celestyn,Lilley,Female,3 Bonner Plaza,clilley7d@yolasite.com,749-41-6329
267,Charisse,Consterdine,Female,10444 Mallory Circle,cconsterdine7e@trellian.com,153-97-8333
268,Muhammad,Angell,Male,054 Everett Center,mangell7f@hubpages.com,139-69-0428
269,Fleurette,Kroger,Female,79189 Clyde Gallagher Junction,fkroger7g@usa.gov,677-76-4103
270,Keely,Errett,Female,36322 Morrow Pass,kerrett7h@mayoclinic.com,226-69-8422
271,Alexio,Rowson,Male,884 Butternut Terrace,arowson7i@aboutads.info,614-31-0137
272,Laurence,Willars,Male,621 John Wall Terrace,lwillars7j@msu.edu,431-28-2561
273,Al,Ourtic,Male,4697 Summit Lane,aourtic7k@bigcartel.com,768-55-0315
274,Ahmed,Lambirth,Male,4540 Corscot Pass,alambirth7l@clickbank.net,743-44-9669
275,Beatrice,Valek,Female,7 Truax Trail,bvalek7m@baidu.com,818-63-3517
276,Angus,Shimon,Male,3428 Hoffman Park,ashimon7n@over-blog.com,854-18-0948
277,Karlen,Shepherdson,Female,25503 Carpenter Park,kshepherdson7o@behance.net,781-20-5529
278,Rosie,Dowgill,Female,3846 Golf Course Point,rdowgill7p@nationalgeographic.com,541-20-0199
279,Burke,Gliddon,Male,30612 Grayhawk Terrace,bgliddon7q@about.me,425-02-3677
280,Gavra,Awcock,Female,06906 North Way,gawcock7r@admin.ch,199-42-9589
281,Dru,Fenne,Male,50984 Melody Park,dfenne7s@msu.edu,300-65-9804
282,Kelcy,Lamberteschi,Female,972 Bluejay Court,klamberteschi7t@infoseek.co.jp,424-40-9540
283,Westbrook,Feacham,Male,8258 Quincy Terrace,wfeacham7u@utexas.edu,228-61-9643
284,Raynard,Pearse,Male,19 Toban Parkway,rpearse7v@devhub.com,122-40-1911
285,Ganny,Salvadore,Male,96418 Hansons Lane,gsalvadore7w@cdc.gov,596-21-8297
286,Andie,Shervil,Male,0 Mayer Park,ashervil7x@salon.com,566-20-5502
287,Margaux,Storah,Female,3 Messerschmidt Alley,mstorah7y@cbsnews.com,293-39-7915
288,Rorke,Sirr,Male,8020 Sunnyside Hill,rsirr7z@quantcast.com,355-19-7489
289,Dillon,Kuhle,Male,2 Donald Lane,dkuhle80@toplist.cz,603-50-2971
290,Janot,Covet,Female,76241 Park Meadow Hill,jcovet81@reuters.com,747-41-5981
291,Sheffy,Jelliman,Male,17747 Hanson Terrace,sjelliman82@npr.org,209-53-5085
292,Lyell,Danton,Male,5082 Aberg Way,ldanton83@aol.com,223-44-5080
293,Ursala,Farahar,Female,1975 Starling Pass,ufarahar84@wikipedia.org,306-03-3428
294,Berkley,Buske,Male,98 Luster Park,bbuske85@mapy.cz,181-87-0701
295,Nola,Ioselevich,Female,464 Hermina Drive,nioselevich86@google.com.hk,269-93-4927
296,Elmer,Cheek,Male,3 Macpherson Pass,echeek87@blog.com,535-59-0828
297,Cathryn,Creeber,Female,97 Judy Lane,ccreeber88@wsj.com,659-06-2137
298,Jesus,Bastard,Male,41347 Alpine Way,jbastard89@typepad.com,136-54-7495
299,Isaak,Streeter,Male,6 Sugar Point,istreeter8a@newsvine.com,550-69-5508
300,Corrie,Wyllcocks,Male,7 Veith Parkway,cwyllcocks8b@taobao.com,584-95-8165
301,Molly,Impleton,Female,6304 Emmet Trail,mimpleton8c@usda.gov,801-13-4251
302,Udell,Matuskiewicz,Male,4 Northwestern Parkway,umatuskiewicz8d@hubpages.com,835-86-5987
303,Fayth,Olle,Female,4748 Mendota Way,folle8e@multiply.com,422-28-1789
304,Elinor,William,Female,7132 Haas Circle,ewilliam8f@privacy.gov.au,125-18-4982
305,Lewiss,Livesay,Male,21954 Little Fleur Park,llivesay8g@cloudflare.com,420-27-0258
306,Aguistin,Neesham,Male,096 Bayside Road,aneesham8h@pinterest.com,711-47-8678
307,Nefen,Biasi,Male,6092 Dovetail Park,nbiasi8i@jugem.jp,682-42-1651
308,Thorvald,Trueman,Male,85142 Leroy Avenue,ttrueman8j@bing.com,417-31-2048
309,Hercule,Gilvear,Male,3323 Troy Place,hgilvear8k@state.tx.us,698-02-9994
310,Oran,Woodwing,Male,19713 Magdeline Place,owoodwing8l@homestead.com,352-33-3575
311,Morgan,Conquest,Female,80 Ryan Place,mconquest8m@unblog.fr,185-42-6341
312,Rick,Hartigan,Male,8786 David Alley,rhartigan8n@youtube.com,736-56-1548
313,Bryan,Lindenberg,Male,56152 Grim Terrace,blindenberg8o@facebook.com,300-96-4071
314,Sena,Flinn,Female,40 Oakridge Park,sflinn8p@vimeo.com,339-78-7441
315,Andros,Paynton,Male,22 Southridge Junction,apaynton8q@vistaprint.com,868-50-4224
316,Harry,Rippen,Male,931 Linden Park,hrippen8r@wikimedia.org,146-19-0903
317,Jard,Bruhke,Male,6816 Beilfuss Pass,jbruhke8s@ucoz.ru,502-26-3229
318,Salaidh,Haswall,Female,71413 Tomscot Drive,shaswall8t@tumblr.com,869-80-8654
319,Keelby,Soot,Male,782 Brickson Park Terrace,ksoot8u@google.ca,230-86-5050
320,Barclay,Bellows,Male,37977 Arrowood Lane,bbellows8v@geocities.com,219-89-2828
321,Burl,Bow,Male,624 Alpine Court,bbow8w@nymag.com,764-82-7879
322,Yorgo,Bodham,Male,34 Main Lane,ybodham8x@uol.com.br,114-86-4873
323,Kinnie,Shakespeare,Male,55 Independence Street,kshakespeare8y@netvibes.com,768-58-7235
324,Ricoriki,Bothe,Male,39 Rusk Pass,rbothe8z@icio.us,175-72-1795
325,Oran,Martinat,Male,92249 1st Alley,omartinat90@google.de,344-31-5038
326,Lucias,Ord,Male,29040 Oak Valley Avenue,lord91@wunderground.com,502-77-5441
327,Nico,Baudins,Male,370 American Ash Hill,nbaudins92@bizjournals.com,649-65-8699
328,Brunhilde,Goshawk,Female,1946 Butternut Crossing,bgoshawk93@paginegialle.it,689-43-5835
329,Jorgan,Edinboro,Male,8049 International Plaza,jedinboro94@taobao.com,702-69-3651
330,Tyne,Akers,Female,98957 Heffernan Way,takers95@umich.edu,456-22-0718
331,George,Matschoss,Female,77263 Carioca Place,gmatschoss96@symantec.com,804-77-9331
332,Romona,Serfati,Female,65 Sherman Crossing,rserfati97@devhub.com,820-08-4218
333,Truman,Josefson,Male,5 Menomonie Center,tjosefson98@etsy.com,144-35-8234
334,Catlee,Behan,Female,46974 Killdeer Street,cbehan99@eventbrite.com,593-61-6450
335,Linea,Wadmore,Female,5 Messerschmidt Alley,lwadmore9a@linkedin.com,295-11-1573
336,Marietta,Impett,Female,25 Sommers Way,mimpett9b@yahoo.co.jp,846-26-2339
337,Boyce,Piniur,Male,48896 Hallows Alley,bpiniur9c@privacy.gov.au,624-13-7914
338,Melissa,Oleszczak,Female,537 Coleman Plaza,moleszczak9d@prlog.org,783-28-2112
339,Alexi,Howley,Female,80539 Vera Avenue,ahowley9e@columbia.edu,467-99-9933
340,Evin,Soigne,Male,027 Graceland Alley,esoigne9f@vkontakte.ru,212-87-0686
341,Nealson,Cupper,Male,37 Chinook Alley,ncupper9g@bluehost.com,787-66-7649
342,Tate,Applewhaite,Male,7184 Ronald Regan Pass,tapplewhaite9h@aboutads.info,468-14-5274
343,Benjamen,Naptin,Male,0799 Troy Alley,bnaptin9i@tmall.com,142-10-2959
344,Dyana,Lentsch,Female,3 Sunfield Court,dlentsch9j@joomla.org,178-26-1626
345,Brier,Curness,Female,1 Gina Alley,bcurness9k@loc.gov,526-19-9491
346,Nonnah,Leete,Female,7 Hayes Hill,nleete9l@feedburner.com,892-51-6319
347,Brenn,Yeiles,Female,9748 Pawling Point,byeiles9m@hostgator.com,521-81-1750
348,Ambrosio,Botterell,Male,887 Texas Court,abotterell9n@kickstarter.com,613-24-5753
349,Javier,Jaan,Male,3312 Springview Plaza,jjaan9o@utexas.edu,433-48-7700
350,Berk,Eldred,Male,8 Packers Court,beldred9p@infoseek.co.jp,413-65-7021
351,Jed,Arlidge,Male,5088 Delladonna Plaza,jarlidge9q@list-manage.com,495-69-0071
352,Brendin,Burgher,Male,21 Menomonie Point,bburgher9r@1und1.de,824-79-1127
353,Nahum,O'Sirin,Male,925 Mcguire Park,nosirin9s@slate.com,782-09-3856
354,Sarina,Jancar,Female,54036 Oak Valley Trail,sjancar9t@yellowpages.com,295-47-9928
355,Mikael,Wardington,Male,994 Oxford Road,mwardington9u@nytimes.com,847-17-9396
356,Jerry,Bourcq,Male,48 Alpine Pass,jbourcq9v@theguardian.com,163-64-4950
357,Becca,Serrurier,Female,9 Tennessee Road,bserrurier9w@unblog.fr,719-33-6713
358,Cyrillus,Maplestone,Male,6 Southridge Park,cmaplestone9x@craigslist.org,268-39-1023
359,Hyacinthie,Poe,Female,4935 Basil Crossing,hpoe9y@ebay.co.uk,323-70-3336
360,Gawain,Ferminger,Male,509 Eastwood Park,gferminger9z@who.int,265-45-0632
361,Letta,Taudevin,Female,30 Buell Way,ltaudevina0@miibeian.gov.cn,180-88-8019
362,Kinsley,Ganny,Male,836 Killdeer Crossing,kgannya1@toplist.cz,497-28-0323
363,Jude,Pasmore,Male,83964 Fulton Trail,jpasmorea2@tinypic.com,437-23-2265
364,Rahal,Laverack,Female,9662 Crownhardt Terrace,rlaveracka3@artisteer.com,505-48-2888
365,Brina,Kegan,Female,2342 Starling Drive,bkegana4@fda.gov,354-23-1133
366,Wendye,Trussell,Female,83 Upham Center,wtrussella5@utexas.edu,137-77-6242
367,Cassandre,Ramel,Female,97224 Forest Dale Road,cramela6@si.edu,305-32-2649
368,Samaria,Burch,Female,636 Sage Crossing,sburcha7@intel.com,465-07-3538
369,Selestina,Simka,Female,36333 Tony Park,ssimkaa8@wordpress.com,406-91-7822
370,Turner,McErlaine,Male,4781 Nancy Drive,tmcerlainea9@eventbrite.com,222-79-7387
371,Darrelle,Bradnick,Female,360 Fieldstone Way,dbradnickaa@bizjournals.com,619-08-4195
372,Byrann,Jerrold,Male,195 Buell Crossing,bjerroldab@prnewswire.com,813-69-3276
373,Charlie,Dwelly,Male,616 Johnson Court,cdwellyac@microsoft.com,558-49-0482
374,Dore,Coldbathe,Female,69 Homewood Point,dcoldbathead@pcworld.com,641-14-3295
375,Wallace,Vittori,Male,9 Manley Court,wvittoriae@dedecms.com,790-82-9911
376,Normand,Dorricott,Male,3 Hazelcrest Junction,ndorricottaf@cafepress.com,529-23-8950
377,Aurlie,Joynson,Female,3 Marquette Road,ajoynsonag@census.gov,247-25-5246
378,Tabitha,Rizzolo,Female,5004 Dayton Alley,trizzoloah@telegraph.co.uk,690-09-4837
379,Luce,Ebben,Female,387 Pleasure Way,lebbenai@google.it,301-46-7840
380,Gabriele,Strasse,Male,816 Vahlen Parkway,gstrasseaj@jimdo.com,356-53-7214
381,Ellis,Trevenu,Male,01 Boyd Alley,etrevenuak@house.gov,137-23-4169
382,Reinhard,Cacacie,Male,59695 Vermont Street,rcacacieal@diigo.com,736-66-7925
383,Dylan,Penbarthy,Male,2230 Hayes Hill,dpenbarthyam@1688.com,856-04-6757
384,Iona,Clayfield,Female,46 Riverside Center,iclayfieldan@fastcompany.com,230-83-9785
385,Marja,Emblem,Female,20994 Novick Lane,memblemao@wsj.com,252-15-7555
386,Mignon,Delepine,Female,27 Killdeer Junction,mdelepineap@harvard.edu,155-26-7949
387,Stacee,Darlaston,Female,9 Gerald Park,sdarlastonaq@theglobeandmail.com,132-35-7552
388,Kevon,Asaaf,Male,871 Kipling Point,kasaafar@omniture.com,726-88-4411
389,Elonore,Elie,Female,1502 North Point,eelieas@answers.com,401-74-1459
390,Wallache,Penella,Male,7 Melvin Lane,wpenellaat@etsy.com,844-45-8188
391,Denys,Ortler,Male,918 Rusk Plaza,dortlerau@businesswire.com,836-33-7415
392,Camala,Harniman,Female,833 Shopko Plaza,charnimanav@trellian.com,522-28-7275
393,Cori,Skurm,Female,458 Gerald Drive,cskurmaw@huffingtonpost.com,300-16-3222
394,Gerty,Bowditch,Female,410 Old Shore Park,gbowditchax@vimeo.com,132-71-8861
395,Raleigh,Baigent,Male,9 New Castle Avenue,rbaigentay@smugmug.com,595-72-6818
396,Kizzie,MacMychem,Female,108 Spaight Trail,kmacmychemaz@indiegogo.com,444-47-4307
397,Zonnya,Parysowna,Female,73 Paget Way,zparysownab0@youku.com,201-15-5205
398,Dev,Cattel,Male,27617 Mandrake Way,dcattelb1@house.gov,346-43-5909
399,Paxon,Prichard,Male,0 Cambridge Drive,pprichardb2@hubpages.com,502-49-2262
400,Hyman,Oiseau,Male,95885 Bunting Hill,hoiseaub3@miitbeian.gov.cn,583-91-1163
401,Blondy,Oliff,Female,1957 Pepper Wood Pass,boliffb4@quantcast.com,730-73-8029
402,Licha,Peeke-Vout,Female,460 Waywood Way,lpeekevoutb5@usnews.com,192-42-4952
403,Sigfried,Reicharz,Male,19 Cordelia Lane,sreicharzb6@ibm.com,417-06-0327
404,Cesar,Peacher,Male,548 Elgar Hill,cpeacherb7@npr.org,668-18-2609
405,Orson,McGiffin,Male,148 Chive Road,omcgiffinb8@wix.com,599-23-5388
406,Standford,Caton,Male,00 Ridgeway Junction,scatonb9@webnode.com,398-01-8555
407,Hobard,Cowlard,Male,06 Merchant Pass,hcowlardba@qq.com,536-55-0735
408,Randal,Klaesson,Male,75128 Thackeray Place,rklaessonbb@nature.com,788-87-1450
409,Geoffrey,Stewart,Male,9 Annamark Hill,gstewartbc@marketwatch.com,495-73-0580
410,Sarge,Boam,Male,4 Westridge Circle,sboambd@ox.ac.uk,297-10-3981
411,Julissa,Barnshaw,Female,6901 Kings Alley,jbarnshawbe@163.com,194-50-1900
412,Angelo,Gribble,Male,213 Banding Parkway,agribblebf@123-reg.co.uk,280-32-8464
413,Timi,Wile,Female,265 Dixon Circle,twilebg@wikipedia.org,464-04-2910
414,Caryl,Mosdell,Female,1079 4th Trail,cmosdellbh@cbslocal.com,145-77-2933
415,Ruby,Heninghem,Male,6 Shasta Road,rheninghembi@nifty.com,448-81-2029
416,Der,Lillicrop,Male,04178 Lakewood Gardens Drive,dlillicropbj@meetup.com,552-06-7534
417,Cristine,Morsley,Female,2539 Dexter Drive,cmorsleybk@prnewswire.com,774-80-0318
418,Grange,Treharne,Male,759 Old Gate Street,gtreharnebl@sitemeter.com,414-84-4848
419,Elinor,Dooney,Female,177 Holmberg Court,edooneybm@goo.ne.jp,702-40-6549
420,Cassey,Pidgin,Female,661 Fair Oaks Parkway,cpidginbn@storify.com,612-69-4026
421,Oswell,Safont,Male,6 Messerschmidt Center,osafontbo@digg.com,845-92-8409
422,Trey,Crottagh,Male,4871 Rigney Center,tcrottaghbp@nba.com,426-94-4985
423,Krissy,Wayvill,Female,9108 Kim Lane,kwayvillbq@digg.com,874-10-5799
424,Myrwyn,Karpenya,Male,503 Amoth Drive,mkarpenyabr@cargocollective.com,123-08-8189
425,Irving,Howlin,Male,8762 Debra Junction,ihowlinbs@parallels.com,492-70-5716
426,Marrissa,Lawford,Female,56447 Becker Pass,mlawfordbt@irs.gov,183-69-1477
427,Willabella,Gilberthorpe,Female,3 Main Road,wgilberthorpebu@zimbio.com,797-68-3434
428,Jamal,Challenger,Male,1206 Elgar Alley,jchallengerbv@jalbum.net,152-90-7258
429,Rosemaria,Mounfield,Female,547 Miller Center,rmounfieldbw@imdb.com,806-52-7236
430,Jeanine,Tapper,Female,6 Elka Lane,jtapperbx@nhs.uk,600-61-1748
431,Pierce,Baldree,Male,823 Meadow Ridge Hill,pbaldreeby@nhs.uk,223-64-3150
432,Seward,Dederick,Male,23 Knutson Terrace,sdederickbz@dailymail.co.uk,702-15-1528
433,Ernestine,Hatton,Female,6 Fordem Point,ehattonc0@addthis.com,443-70-0317
434,Shepard,Brackenbury,Male,69889 Forster Avenue,sbrackenburyc1@fda.gov,428-03-3824
435,Roderigo,Pargeter,Male,2 Bunker Hill Court,rpargeterc2@elpais.com,550-14-9190
436,Marilee,Wauchope,Female,8 Havey Lane,mwauchopec3@washington.edu,546-94-9063
437,Glynnis,Clever,Female,5 Bowman Crossing,gcleverc4@examiner.com,266-12-1317
438,Marsha,Applewhaite,Female,86 Garrison Lane,mapplewhaitec5@networksolutions.com,204-27-5146
439,Esta,Zapata,Female,40075 Mallory Trail,ezapatac6@theatlantic.com,702-70-6471
440,Bald,McSperron,Male,8162 Forster Parkway,bmcsperronc7@multiply.com,590-25-9704
441,Katina,Curtiss,Female,17715 Anderson Place,kcurtissc8@nsw.gov.au,802-57-6611
442,Gradeigh,Bulfield,Male,976 Prairieview Avenue,gbulfieldc9@businesswire.com,843-52-8140
443,Frankie,Pinnere,Male,276 Melvin Center,fpinnereca@privacy.gov.au,825-07-8992
444,Borden,Pozzo,Male,04957 Starling Plaza,bpozzocb@addthis.com,748-88-0493
445,Ambrosius,Bingle,Male,8798 Bay Circle,abinglecc@360.cn,257-84-8627
446,Margarita,Blacktin,Female,16 Glacier Hill Plaza,mblacktincd@microsoft.com,650-42-8381
447,Claudine,Sivyour,Female,58196 Vidon Place,csivyource@live.com,731-19-1858
448,Joyce,Sartin,Female,95247 Merchant Way,jsartincf@mit.edu,739-44-1747
449,Deborah,Hindge,Female,693 Spohn Terrace,dhindgecg@privacy.gov.au,879-67-8250
450,Ondrea,Verlinde,Female,7 Knutson Hill,overlindech@123-reg.co.uk,570-60-7731
451,Stanislaus,Tripet,Male,393 Lindbergh Lane,stripetci@shop-pro.jp,114-18-4577
452,Georges,Storrock,Male,8270 Kingsford Drive,gstorrockcj@ucla.edu,884-17-1949
453,Codie,Downage,Male,37 Mcguire Parkway,cdownageck@indiegogo.com,534-63-6883
454,Patty,Watkin,Male,62580 Clyde Gallagher Point,pwatkincl@purevolume.com,378-44-9349
455,Alexandr,Krinks,Male,54 Dottie Junction,akrinkscm@tumblr.com,877-34-7129
456,Jordain,Redemile,Female,0852 Weeping Birch Hill,jredemilecn@springer.com,471-99-1974
457,Wynny,Byart,Female,58350 Northland Trail,wbyartco@yellowpages.com,456-28-9287
458,Mikaela,Dansey,Female,891 Myrtle Center,mdanseycp@cdbaby.com,586-93-1258
459,Morrie,Shemmin,Male,75245 Memorial Hill,mshemmincq@com.com,705-49-8036
460,Eleen,Piotrkowski,Female,00190 Vernon Court,epiotrkowskicr@squarespace.com,472-64-0674
461,Juliet,Rizzo,Female,82611 Northridge Center,jrizzocs@istockphoto.com,727-67-9656
462,Clarisse,Rosenbaum,Female,26342 Pawling Avenue,crosenbaumct@tmall.com,749-43-6082
463,Lonee,Stivey,Female,40846 Riverside Street,lstiveycu@skype.com,562-47-0062
464,Adams,Reaveley,Male,54877 Glendale Point,areaveleycv@amazon.com,614-54-6724
465,Araldo,Mundie,Male,7 Roth Pass,amundiecw@ucsd.edu,386-68-4917
466,Stephana,Bartels-Ellis,Female,71613 Old Gate Lane,sbartelselliscx@mashable.com,335-94-1841
467,Ardra,Widdicombe,Female,1 American Place,awiddicombecy@unesco.org,876-81-6254
468,Lothaire,Borgesio,Male,5213 Graedel Lane,lborgesiocz@bloglines.com,370-10-6383
469,Dav,Domb,Male,7763 Mendota Terrace,ddombd0@tamu.edu,785-23-3215
470,Mead,Coleborn,Male,99841 Upham Crossing,mcolebornd1@adobe.com,591-92-9681
471,Lindy,Headford,Male,8284 Crowley Street,lheadfordd2@reuters.com,824-75-2852
472,Gracia,Gheeraert,Female,7 Montana Crossing,ggheeraertd3@paginegialle.it,865-93-0422
473,Analise,Gascar,Female,24 Ryan Circle,agascard4@google.it,641-35-1692
474,Erl,Annets,Male,92 Debs Point,eannetsd5@chicagotribune.com,696-27-2082
475,Perrine,Worsalls,Female,64734 Monica Alley,pworsallsd6@stanford.edu,562-91-1880
476,Oran,Roche,Male,4928 Russell Avenue,oroched7@deviantart.com,823-08-7812
477,Town,Harbison,Male,01 Dottie Park,tharbisond8@edublogs.org,820-69-0299
478,Dell,Liversedge,Male,6691 Fulton Terrace,dliversedged9@admin.ch,742-38-1292
479,Nickolaus,Bollans,Male,9 Rusk Center,nbollansda@phpbb.com,434-57-3375
480,Colver,O'Corrane,Male,5 Vahlen Crossing,cocorranedb@bloglovin.com,730-66-9345
481,Hally,Mattaus,Female,1630 Troy Trail,hmattausdc@storify.com,157-69-1781
482,Glad,MacGahy,Female,43996 Vermont Crossing,gmacgahydd@sohu.com,591-52-3935
483,Finlay,Gaskell,Male,90892 Roth Junction,fgaskellde@dedecms.com,307-57-1088
484,Buck,Grigolashvill,Male,97057 Banding Junction,bgrigolashvilldf@ask.com,233-78-1621
485,Joycelin,Grunwall,Female,524 Dakota Pass,jgrunwalldg@google.com.hk,662-90-5394
486,Faith,LLelweln,Female,12 Ilene Circle,fllelwelndh@yellowpages.com,568-01-0685
487,Jaymie,Griffen,Male,5480 Summer Ridge Terrace,jgriffendi@abc.net.au,295-95-1602
488,Shannon,Harget,Female,24 Trailsway Street,shargetdj@webeden.co.uk,696-53-8143
489,Korie,Stonbridge,Female,9 Ridgeview Terrace,kstonbridgedk@mysql.com,745-73-7751
490,Barnabas,Chumley,Male,7836 Mockingbird Terrace,bchumleydl@sourceforge.net,789-70-8085
491,Brook,Hugli,Male,0 Blaine Court,bhuglidm@xrea.com,334-12-9471
492,Marylee,Killgus,Female,558 Northport Way,mkillgusdn@delicious.com,652-71-2708
493,Richard,Bloomer,Male,169 Banding Hill,rbloomerdo@slate.com,709-85-1093
494,Celeste,McGow,Female,5 Valley Edge Point,cmcgowdp@ovh.net,262-34-7121
495,Munmro,Bilson,Male,98 Sherman Crossing,mbilsondq@mail.ru,677-39-9915
496,Willy,Probin,Male,770 2nd Center,wprobindr@answers.com,278-59-7217
497,Winn,Saltmarsh,Male,2 7th Center,wsaltmarshds@wikipedia.org,728-45-4135
498,Michaeline,Shorrock,Female,992 Hollow Ridge Court,mshorrockdt@chron.com,615-73-6134
499,Dewitt,Tunesi,Male,6937 Acker Center,dtunesidu@artisteer.com,714-54-3514
500,Edeline,Dranfield,Female,186 Bowman Circle,edranfielddv@vistaprint.com,490-30-0589
501,Orton,Yurshev,Male,13249 Buena Vista Pass,oyurshevdw@pen.io,775-58-4196
502,Elizabet,Dollar,Female,12914 Warbler Avenue,edollardx@icio.us,550-75-4485
503,Becki,Lymer,Female,1031 Laurel Court,blymerdy@1und1.de,149-76-8054
504,Alvin,Brewse,Male,20617 Amoth Terrace,abrewsedz@tiny.cc,221-35-2146
505,Marsh,Cabrara,Male,6 Utah Parkway,mcabrarae0@github.com,159-15-1370
506,Felicio,Patridge,Male,098 Laurel Junction,fpatridgee1@independent.co.uk,456-39-8582
507,Carlye,Lergan,Female,7210 Pankratz Court,clergane2@goodreads.com,221-98-1278
508,Bernarr,Brizland,Male,101 Novick Place,bbrizlande3@miitbeian.gov.cn,698-26-1604
509,Ezekiel,Proudley,Male,2316 Kennedy Park,eproudleye4@discovery.com,722-95-5025
510,Barnebas,Craigheid,Male,946 Helena Terrace,bcraigheide5@hostgator.com,351-05-0325
511,Bent,Staten,Male,31868 Northfield Point,bstatene6@list-manage.com,213-32-4451
512,Abagail,Putson,Female,6498 Westport Lane,aputsone7@alibaba.com,184-15-0152
513,Wolf,Sommerling,Male,6 Ronald Regan Lane,wsommerlinge8@issuu.com,512-04-0836
514,Haven,Lotte,Male,8 Twin Pines Park,hlottee9@ft.com,104-03-3199
515,Ransell,Lighten,Male,63581 Pearson Court,rlightenea@trellian.com,794-09-4648
516,Chelsey,Gomar,Female,3 Dapin Way,cgomareb@craigslist.org,551-59-2588
517,Audie,Mainson,Female,42478 Nancy Circle,amainsonec@t-online.de,405-37-8055
518,Cal,Field,Male,9113 Caliangt Hill,cfielded@topsy.com,377-71-1451
519,Haley,McAnalley,Female,1 Pleasure Street,hmcanalleyee@pinterest.com,465-58-3977
520,Sapphire,Eatttok,Female,8 American Avenue,seatttokef@utexas.edu,620-34-6402
521,Darrelle,Slimmon,Female,5895 Dryden Trail,dslimmoneg@time.com,113-49-4524
522,Roscoe,Tallet,Male,3366 International Drive,rtalleteh@walmart.com,354-10-8738
523,Aryn,Inde,Female,96574 Graedel Avenue,aindeei@nationalgeographic.com,236-60-1489
524,Ugo,Heeps,Male,756 Cottonwood Pass,uheepsej@ucoz.ru,553-54-7961
525,Lionel,Insworth,Male,1 Charing Cross Street,linsworthek@upenn.edu,567-32-2656
526,Winnie,Brandrick,Female,9 Carpenter Terrace,wbrandrickel@constantcontact.com,648-05-8071
527,Mildrid,Christophers,Female,75315 Parkside Crossing,mchristophersem@weather.com,449-86-3878
528,Allard,Dimitrescu,Male,5 Monica Way,adimitrescuen@ezinearticles.com,766-67-7540
529,Luther,Coutthart,Male,2 Eagan Junction,lcouttharteo@ca.gov,325-19-3873
530,Bobine,Asher,Female,489 Crest Line Lane,basherep@ucsd.edu,348-42-6451
531,Gabriello,Besse,Male,5 Steensland Alley,gbesseeq@nbcnews.com,705-74-4193
532,Delbert,Chicchetto,Male,12080 Lighthouse Bay Place,dchicchettoer@unesco.org,522-74-5702
533,Annalee,Elijahu,Female,3 Butternut Circle,aelijahues@wordpress.com,153-16-4148
534,Marylee,Behling,Female,171 Russell Parkway,mbehlinget@comcast.net,815-99-7918
535,Forster,Quarry,Male,6 Graceland Court,fquarryeu@webs.com,820-87-3869
536,Bryce,Regina,Male,0891 Pepper Wood Hill,breginaev@ihg.com,108-49-6360
537,Maryjane,England,Female,0834 Bellgrove Trail,menglandew@dot.gov,291-29-3155
538,Cyndi,Strick,Female,8 Maryland Road,cstrickex@upenn.edu,544-03-0800
539,Tris,Virgoe,Male,86 Carey Park,tvirgoeey@youtube.com,157-57-3920
540,Worthington,McGorman,Male,11029 Amoth Avenue,wmcgormanez@artisteer.com,183-05-6134
541,Tore,Tant,Male,510 Northview Center,ttantf0@yale.edu,830-50-6949
542,Iver,Pelman,Male,89053 Del Sol Circle,ipelmanf1@mlb.com,231-39-5469
543,Yasmin,Littlefair,Female,444 Barnett Crossing,ylittlefairf2@nba.com,104-01-7119
544,Odessa,Ridel,Female,1909 Maryland Junction,oridelf3@wordpress.com,100-56-8651
545,Carlie,Sherington,Male,61083 Scofield Court,csheringtonf4@abc.net.au,355-68-1233
546,Melba,Springthorpe,Female,779 Golf Center,mspringthorpef5@baidu.com,691-75-5389
547,Meredithe,Yitzowitz,Female,180 Pennsylvania Junction,myitzowitzf6@ftc.gov,297-60-4381
548,Leroy,Vanstone,Male,58 Lawn Drive,lvanstonef7@theglobeandmail.com,766-61-2991
549,Domingo,Hillett,Male,93 Weeping Birch Avenue,dhillettf8@wired.com,748-49-3268
550,Clementina,Markie,Female,264 Dovetail Drive,cmarkief9@miitbeian.gov.cn,320-37-9234
551,Lindsay,Gillingham,Female,47 Fulton Street,lgillinghamfa@eepurl.com,359-74-0023
552,Cora,Mabbitt,Female,39 Washington Lane,cmabbittfb@t.co,692-26-6367
553,Cathyleen,Pendrick,Female,29915 Brentwood Hill,cpendrickfc@cpanel.net,235-52-2783
554,Skylar,Jacklin,Male,34112 Glendale Place,sjacklinfd@issuu.com,792-70-6440
555,Nicko,Seville,Male,1 Oxford Park,nsevillefe@chicagotribune.com,765-29-0329
556,Karlyn,Kenzie,Female,82 Ridgeway Street,kkenzieff@cocolog-nifty.com,160-70-9645
557,Delmor,Coling,Male,59 Johnson Alley,dcolingfg@naver.com,665-96-2834
558,Rita,Cruikshanks,Female,307 Badeau Road,rcruikshanksfh@digg.com,284-95-6031
559,Farrell,Symington,Male,4028 Transport Parkway,fsymingtonfi@hatena.ne.jp,589-52-1890
560,Selby,Attew,Male,8 Kinsman Junction,sattewfj@pcworld.com,704-28-9259
561,Cordey,Pontain,Female,601 Glendale Place,cpontainfk@mozilla.com,217-78-2758
562,Robby,Martinez,Male,18 Ryan Point,rmartinezfl@timesonline.co.uk,490-54-8419
563,Brana,Inkin,Female,87733 Loftsgordon Plaza,binkinfm@rediff.com,269-97-8352
564,Ellsworth,Dukelow,Male,252 Corscot Avenue,edukelowfn@examiner.com,259-26-9056
565,Malachi,Folini,Male,6873 Merchant Drive,mfolinifo@opensource.org,781-93-9718
566,Elvis,Valasek,Male,5813 Hoffman Pass,evalasekfp@360.cn,880-33-0657
567,Brina,Ghiriardelli,Female,1 Morningstar Drive,bghiriardellifq@desdev.cn,293-24-7618
568,Garwood,Houseman,Male,7 Morrow Lane,ghousemanfr@independent.co.uk,490-21-9006
569,Morry,Kilduff,Male,759 Corscot Place,mkildufffs@vk.com,353-40-7959
570,Nickey,Cawdell,Male,318 Ronald Regan Court,ncawdellft@vimeo.com,830-06-2527
571,Imojean,Riddiford,Female,539 Truax Hill,iriddifordfu@aboutads.info,860-98-2678
572,Tani,Doudny,Female,64 Pennsylvania Street,tdoudnyfv@themeforest.net,278-12-6249
573,Gary,Hedau,Male,12173 Petterle Junction,ghedaufw@pinterest.com,809-17-8990
574,Katuscha,Joinson,Female,10914 Veith Lane,kjoinsonfx@nba.com,655-02-3888
575,Hunter,Giacomoni,Male,75 Michigan Pass,hgiacomonify@usa.gov,565-74-6237
576,Britta,Steddall,Female,0422 Erie Court,bsteddallfz@comsenz.com,166-40-1718
577,Nicky,Boni,Female,734 Petterle Way,nbonig0@360.cn,782-85-9981
578,Alan,Parncutt,Male,72 Cardinal Park,aparncuttg1@stumbleupon.com,522-19-0078
579,Dannie,Cuningham,Male,81262 Anzinger Plaza,dcuninghamg2@businesswire.com,836-19-7967
580,Cathyleen,Champkins,Female,4401 Mcbride Court,cchampkinsg3@posterous.com,592-81-4706
581,Ruthie,Markwell,Female,92 Lukken Road,rmarkwellg4@toplist.cz,398-30-3507
582,Vallie,Grimmolby,Female,0954 Everett Court,vgrimmolbyg5@altervista.org,815-85-0598
583,Doug,Bugdale,Male,489 Eagle Crest Center,dbugdaleg6@blogger.com,874-69-5741
584,Mathilde,Fyfield,Female,9 Morrow Street,mfyfieldg7@wp.com,767-86-6925
585,Britney,Beale,Female,923 Rigney Terrace,bbealeg8@com.com,350-09-0762
586,Aharon,Povele,Male,8 Pankratz Parkway,apoveleg9@yelp.com,854-73-6237
587,Pearl,Breakspear,Female,0867 Forest Avenue,pbreakspearga@g.co,501-71-4207
588,Harri,Busk,Female,0127 Parkside Circle,hbuskgb@studiopress.com,725-69-0878
589,Klement,Robertazzi,Male,4 Nobel Center,krobertazzigc@youtube.com,678-34-6408
590,Flor,Fearey,Female,59369 Spohn Plaza,ffeareygd@seattletimes.com,291-61-7833
591,Roanna,Ferreres,Female,0 Luster Court,rferreresge@lycos.com,298-07-9379
592,Fredia,Secombe,Female,944 Mallory Alley,fsecombegf@hatena.ne.jp,432-82-8601
593,Kasper,Boggs,Male,07 Schurz Road,kboggsgg@huffingtonpost.com,516-51-2037
594,Marcellus,Crummy,Male,9656 Eggendart Hill,mcrummygh@howstuffworks.com,227-81-3764
595,Leonidas,Pinck,Male,0 Pine View Drive,lpinckgi@cocolog-nifty.com,136-41-8572
596,Erminia,Van T'Hoog,Female,94 Anzinger Way,evanthooggj@theatlantic.com,722-52-6196
597,Clevie,Everiss,Male,258 Vernon Plaza,ceverissgk@histats.com,557-22-3335
598,Carrie,Schumacher,Female,5 Del Mar Plaza,cschumachergl@so-net.ne.jp,258-88-1076
599,Port,Tirone,Male,22941 Menomonie Lane,ptironegm@goo.gl,322-98-9654
600,Elbertina,Greenmon,Female,05452 Hanover Circle,egreenmongn@jugem.jp,386-96-0861
601,Angela,Frowing,Female,86 Merry Terrace,afrowinggo@vimeo.com,173-78-6788
602,Alf,Flucks,Male,63726 Esch Center,aflucksgp@gov.uk,827-89-4981
603,Tricia,Pitrollo,Female,476 Upham Court,tpitrollogq@go.com,325-40-6011
604,Buddy,Brane,Male,8959 Lien Terrace,bbranegr@google.com,721-13-1173
605,Christiane,Geistmann,Female,38 Westport Avenue,cgeistmanngs@army.mil,868-05-0723
606,Dana,Bemment,Female,30 Mayer Avenue,dbemmentgt@edublogs.org,582-43-8661
607,Gustavus,Causon,Male,1238 Oneill Junction,gcausongu@com.com,400-59-7971
608,Tarah,Myderscough,Female,260 Harbort Court,tmyderscoughgv@spotify.com,547-02-8266
609,Shoshanna,Stiffell,Female,9194 8th Pass,sstiffellgw@about.me,613-10-8126
610,Cosette,Truter,Female,2 Lakeland Place,ctrutergx@pcworld.com,585-70-3023
611,Merilyn,Bonner,Female,6 Esker Park,mbonnergy@feedburner.com,557-31-3977
612,Odele,Mallebone,Female,683 Forest Dale Hill,omallebonegz@icio.us,846-66-7524
613,Sybil,Persicke,Female,485 Crescent Oaks Avenue,spersickeh0@usnews.com,819-76-9933
614,Trefor,Hamblyn,Male,953 Sunbrook Crossing,thamblynh1@mail.ru,481-68-8812
615,Nial,Crisford,Male,72438 Maple Wood Pass,ncrisfordh2@usgs.gov,662-56-3761
616,Jeanine,Rowcastle,Female,0942 Mariners Cove Way,jrowcastleh3@qq.com,560-49-2483
617,Wilhelm,Blick,Male,7 Ryan Terrace,wblickh4@t-online.de,128-90-1477
618,Willow,Gerrans,Female,158 Jenna Pass,wgerransh5@chronoengine.com,580-12-7353
619,Nicola,Danielli,Male,47 Oriole Park,ndaniellih6@ox.ac.uk,311-06-7459
620,Armand,Kemet,Male,3 Mockingbird Way,akemeth7@ucoz.com,791-54-0745
621,Amandy,McKinnon,Female,3 Lerdahl Point,amckinnonh8@washingtonpost.com,387-49-5745
622,Patin,Lardez,Male,0 1st Pass,plardezh9@pen.io,523-62-7303
623,Shep,Laskey,Male,50027 Northview Junction,slaskeyha@theatlantic.com,478-09-3630
624,Zacharias,Elleyne,Male,6591 Crest Line Circle,zelleynehb@baidu.com,555-17-8526
625,Kacie,Chadbourne,Female,1 Muir Drive,kchadbournehc@blog.com,866-65-7093
626,Lambert,Waadenburg,Male,22 Eagan Pass,lwaadenburghd@clickbank.net,313-52-4754
627,Goldina,Rosenwald,Female,5 Mcbride Center,grosenwaldhe@digg.com,452-56-7874
628,Elaina,Skilling,Female,283 Saint Paul Junction,eskillinghf@twitter.com,119-64-8248
629,Janene,Dumbar,Female,790 Eagan Plaza,jdumbarhg@jiathis.com,605-06-5085
630,Beth,Whittock,Female,12112 Lerdahl Junction,bwhittockhh@list-manage.com,384-37-7782
631,Townie,Maton,Male,5886 Hanson Place,tmatonhi@accuweather.com,267-84-7135
632,Lola,Lanfare,Female,97 Nancy Plaza,llanfarehj@newsvine.com,684-95-9657
633,Blane,Lawler,Male,531 Truax Plaza,blawlerhk@yahoo.co.jp,779-25-2542
634,Kristofor,Boxell,Male,41105 Starling Court,kboxellhl@nba.com,150-81-9949
635,Drusy,Cupitt,Female,81257 Lakewood Gardens Hill,dcupitthm@edublogs.org,561-41-7842
636,Ertha,Geldert,Female,3 Larry Crossing,egelderthn@multiply.com,727-49-7496
637,Joshuah,Sarre,Male,091 Lakewood Center,jsarreho@apple.com,281-27-3691
638,Hilton,Everix,Male,7 Merchant Court,heverixhp@un.org,430-54-2314
639,Zack,Inkle,Male,99305 Hermina Junction,zinklehq@wikipedia.org,540-50-8209
640,Bobby,Trenaman,Male,4 Del Sol Drive,btrenamanhr@nbcnews.com,471-68-7134
641,Jean,Rooson,Male,937 Northwestern Lane,jroosonhs@wired.com,381-21-8266
642,Gaspar,Wickliffe,Male,71 Straubel Alley,gwickliffeht@craigslist.org,750-97-0993
643,Jennette,Hamlin,Female,35 Westend Street,jhamlinhu@acquirethisname.com,772-46-5356
644,Nobe,Campanelle,Male,0 Darwin Plaza,ncampanellehv@kickstarter.com,603-72-3574
645,Elaine,Larroway,Female,6950 Bobwhite Place,elarrowayhw@state.gov,603-47-3145
646,Anna-diana,Sneezem,Female,118 Fulton Terrace,asneezemhx@51.la,476-68-7227
647,Talbot,Spinetti,Male,8 Ludington Road,tspinettihy@shinystat.com,245-37-2659
648,Rosy,Treasure,Female,763 Golf Course Road,rtreasurehz@xinhuanet.com,153-71-1651
649,Frederica,Dust,Female,93860 Prairie Rose Center,fdusti0@surveymonkey.com,201-85-4589
650,Giacobo,Badder,Male,5282 Pearson Circle,gbadderi1@netscape.com,116-12-6257
651,Remy,Cerie,Female,58740 Vidon Crossing,rceriei2@unicef.org,665-44-4493
652,Leupold,Favill,Male,81 Emmet Alley,lfavilli3@elegantthemes.com,345-30-3374
653,Eden,Sexton,Female,63 Warner Drive,esextoni4@behance.net,100-76-4430
654,Malissa,Ciccotto,Female,1723 8th Parkway,mciccottoi5@123-reg.co.uk,811-77-0172
655,Kerrin,Kimble,Female,2524 Dixon Street,kkimblei6@typepad.com,224-07-4056
656,Lexy,Tutt,Female,5 Rowland Drive,ltutti7@discovery.com,206-98-8899
657,Arthur,Stamper,Male,94056 Green Alley,astamperi8@bing.com,187-76-4706
658,Worthy,Magnar,Male,1 5th Terrace,wmagnari9@topsy.com,780-08-2103
659,Maxie,Rubenov,Male,6 Rusk Lane,mrubenovia@narod.ru,308-10-4161
660,Cinda,Gelland,Female,4792 Parkside Hill,cgellandib@nature.com,219-23-4002
661,Julienne,Schiell,Female,387 Butterfield Terrace,jschiellic@scientificamerican.com,639-01-2821
662,Maegan,Shirrell,Female,0243 Westridge Alley,mshirrellid@twitter.com,574-09-9908
663,Mildrid,Barbera,Female,22087 Oak Valley Crossing,mbarberaie@exblog.jp,240-46-3705
664,Myrta,Oliphant,Female,3781 Northwestern Drive,moliphantif@dropbox.com,590-99-6791
665,Pippy,Messum,Female,95 New Castle Road,pmessumig@statcounter.com,194-38-2435
666,Glyn,Treadwell,Male,4 Scott Parkway,gtreadwellih@nydailynews.com,449-60-5175
667,Beatrisa,Braznell,Female,2842 Lindbergh Trail,bbraznellii@blogger.com,539-37-2462
668,Peyton,Gossan,Male,3 Beilfuss Drive,pgossanij@google.com.au,499-62-5421
669,Fair,Dayce,Male,8243 Commercial Circle,fdayceik@macromedia.com,789-05-9657
670,Joellyn,Arrigucci,Female,16 Monica Road,jarrigucciil@loc.gov,489-56-4130
671,Vitoria,Pierce,Female,209 Emmet Circle,vpierceim@techcrunch.com,232-27-1724
672,Marcos,Gilardengo,Male,89 Troy Pass,mgilardengoin@lulu.com,395-71-1147
673,Micki,Leverich,Female,6665 Little Fleur Park,mleverichio@ning.com,899-74-5942
674,Oates,Shillaker,Male,2 Sheridan Way,oshillakerip@yellowbook.com,367-26-7576
675,Sianna,Bellwood,Female,0661 Pawling Junction,sbellwoodiq@opera.com,550-05-7151
676,Stevie,Gainsbury,Male,0093 Elmside Hill,sgainsburyir@ftc.gov,635-22-5490
677,Karlie,McGibbon,Female,60 Claremont Hill,kmcgibbonis@ebay.com,225-80-1716
678,Steward,Ilem,Male,23 Trailsway Court,silemit@fda.gov,173-23-3118
679,Francklyn,Agerskow,Male,8269 Manley Trail,fagerskowiu@about.com,247-86-7863
680,Elita,Ganforthe,Female,17 Cherokee Court,eganfortheiv@naver.com,876-49-1677
681,Sigvard,Caroline,Male,4952 Farmco Circle,scarolineiw@linkedin.com,838-28-9016
682,Aldus,Savery,Male,16358 Victoria Road,asaveryix@paginegialle.it,869-54-9671
683,Jocelyn,Durtnall,Female,95145 Bultman Plaza,jdurtnalliy@dell.com,658-30-9448
684,Filia,Escoffier,Female,9178 Stephen Hill,fescoffieriz@apple.com,718-59-1309
685,Gloriana,Tineman,Female,03637 Kennedy Terrace,gtinemanj0@jugem.jp,505-74-2420
686,Freddy,Ceeley,Female,89455 Larry Parkway,fceeleyj1@histats.com,710-69-5913
687,Mia,Tremoulet,Female,4 Grover Road,mtremouletj2@g.co,220-17-3483
688,Krishnah,Jacquest,Male,6906 2nd Crossing,kjacquestj3@bloglovin.com,372-65-3654
689,Davie,Karle,Male,08 Hermina Lane,dkarlej4@amazon.com,122-09-7728
690,Tessy,Garrold,Female,6 Twin Pines Trail,tgarroldj5@jugem.jp,387-77-4988
691,Stillman,MacGilmartin,Male,444 Pankratz Drive,smacgilmartinj6@mail.ru,824-60-1136
692,Ali,Junkin,Male,826 Packers Hill,ajunkinj7@merriam-webster.com,270-94-3823
693,Gwendolen,Tinham,Female,341 Sage Avenue,gtinhamj8@oaic.gov.au,114-78-0309
694,Gabriello,Whisson,Male,8611 Scoville Way,gwhissonj9@ycombinator.com,688-28-0138
695,Ricard,Marushak,Male,1075 Hoffman Pass,rmarushakja@stumbleupon.com,797-93-4868
696,Jefferey,Alldred,Male,0162 Cherokee Pass,jalldredjb@huffingtonpost.com,402-73-1309
697,Ario,Havick,Male,74 Oxford Terrace,ahavickjc@wufoo.com,786-04-1616
698,Quintana,Magenny,Female,9 Boyd Parkway,qmagennyjd@soup.io,880-28-6597
699,Wenda,Gunton,Female,15 Reindahl Parkway,wguntonje@abc.net.au,740-62-9454
700,Kyrstin,Mattosoff,Female,37604 Bayside Hill,kmattosoffjf@cornell.edu,273-70-1300
701,Row,Molan,Female,77 Old Shore Center,rmolanjg@nyu.edu,372-06-8087
702,Georgette,Evett,Female,80557 4th Pass,gevettjh@diigo.com,398-08-2383
703,Ophelie,Radbourn,Female,17 Hayes Road,oradbournji@blogs.com,554-24-9934
704,Merla,Delacote,Female,4875 Montana Terrace,mdelacotejj@bbb.org,650-62-8279
705,Oneida,Pelos,Female,61 Maple Wood Circle,opelosjk@ihg.com,661-65-6617
706,Ibbie,Stanford,Female,870 Elgar Plaza,istanfordjl@toplist.cz,454-02-7453
707,Cletis,Renbold,Male,4067 Charing Cross Hill,crenboldjm@newyorker.com,701-93-7397
708,Gothart,Bowdidge,Male,0444 Oriole Terrace,gbowdidgejn@usa.gov,888-07-6067
709,Constanta,Sekulla,Female,2 Knutson Plaza,csekullajo@rakuten.co.jp,888-01-7571
710,Ware,Iianon,Male,24 Straubel Pass,wiianonjp@google.co.jp,687-06-1953
711,Dwain,Adolphine,Male,7 Schiller Road,dadolphinejq@exblog.jp,512-76-8967
712,Beilul,Lawlance,Female,2 Farmco Road,blawlancejr@phoca.cz,156-72-8367
713,Skyler,Sear,Male,4203 Stone Corner Way,ssearjs@gnu.org,851-21-2667
714,Dodi,Hyslop,Female,88603 Lakeland Center,dhyslopjt@pen.io,399-03-0872
715,Kris,Huffey,Male,3 Sloan Road,khuffeyju@angelfire.com,127-30-2370
716,Eugine,Searles,Female,658 Eggendart Center,esearlesjv@discuz.net,543-87-9190
717,Glyn,Elderbrant,Male,345 Ludington Crossing,gelderbrantjw@umich.edu,413-38-2763
718,Germayne,Camus,Male,60318 Calypso Parkway,gcamusjx@abc.net.au,755-94-2337
719,Hugues,Burgher,Male,64945 Beilfuss Court,hburgherjy@reddit.com,158-34-6446
720,Aubrey,Luten,Female,70 Springview Hill,alutenjz@goo.gl,588-23-1964
721,Quinton,Scarre,Male,6283 Meadow Ridge Circle,qscarrek0@sourceforge.net,781-83-5277
722,Mark,Bach,Male,462 Hallows Plaza,mbachk1@g.co,431-13-3715
723,Franny,Ouldcott,Male,956 Esker Drive,fouldcottk2@newsvine.com,753-09-3094
724,Bess,Melmar,Female,1440 Birchwood Terrace,bmelmark3@icq.com,791-22-7034
725,Darbee,Waggitt,Male,9 Hoffman Park,dwaggittk4@ow.ly,332-69-9614
726,Julia,Doxsey,Female,1959 Victoria Center,jdoxseyk5@samsung.com,586-73-2955
727,Sim,Leebeter,Male,29 Melody Center,sleebeterk6@eepurl.com,556-53-2947
728,Kevyn,Pacquet,Female,4 Dakota Avenue,kpacquetk7@clickbank.net,326-27-5327
729,Erhart,Scroggie,Male,9 Lawn Court,escroggiek8@unesco.org,765-22-9075
730,Patten,MacCafferky,Male,643 Norway Maple Pass,pmaccafferkyk9@ihg.com,612-61-7333
731,Betsey,Harbertson,Female,50323 Manufacturers Terrace,bharbertsonka@yandex.ru,251-49-4779
732,Merralee,Dressel,Female,70925 Banding Park,mdresselkb@cnn.com,231-87-3449
733,Erin,Caldeiro,Female,77333 Hooker Crossing,ecaldeirokc@cloudflare.com,631-03-2934
734,Arlene,Fermin,Female,09697 Vidon Alley,aferminkd@chron.com,393-02-0814
735,Waylon,Simmens,Male,80687 Glacier Hill Drive,wsimmenske@arstechnica.com,292-83-2583
736,Austin,Belmont,Male,73260 Barnett Hill,abelmontkf@nhs.uk,584-88-3349
737,Wallie,Dawe,Male,103 Northridge Circle,wdawekg@fotki.com,250-70-2428
738,Sari,Hampton,Female,49 Ohio Center,shamptonkh@google.com.br,541-93-6951
739,Elsie,Broodes,Female,0 Heath Pass,ebroodeski@gmpg.org,672-48-8612
740,Kellyann,Garden,Female,02839 Red Cloud Drive,kgardenkj@mapquest.com,535-91-9051
741,Alvera,Blase,Female,9583 Fuller Parkway,ablasekk@mapquest.com,222-39-5707
742,Artemas,Cettell,Male,78756 Bunker Hill Pass,acettellkl@paginegialle.it,689-36-0665
743,Lonni,Chatenier,Female,6499 Del Sol Point,lchatenierkm@w3.org,176-34-5206
744,Tandi,Mager,Female,84515 Washington Terrace,tmagerkn@cam.ac.uk,708-33-5125
745,Lynette,Proven,Female,82 Brentwood Lane,lprovenko@comsenz.com,328-81-3474
746,Kissee,Harmon,Female,9486 Alpine Lane,kharmonkp@statcounter.com,191-30-0430
747,Phil,Mougenel,Female,3853 Stephen Plaza,pmougenelkq@hexun.com,839-48-4910
748,Townsend,Waumsley,Male,9 South Parkway,twaumsleykr@g.co,326-42-2684
749,Loria,McGeneay,Female,05306 Logan Place,lmcgeneayks@sciencedirect.com,266-36-5131
750,Sloane,Magrane,Male,68352 Schmedeman Street,smagranekt@virginia.edu,802-61-9259
751,Zebulon,Eliot,Male,718 Cordelia Hill,zeliotku@tamu.edu,785-01-6413
752,Ali,Tetley,Male,26 Esch Crossing,atetleykv@businessinsider.com,227-51-1824
753,Rudie,Ballefant,Male,9083 Granby Pass,rballefantkw@nature.com,582-65-7970
754,Malchy,Fassmann,Male,70 Golden Leaf Drive,mfassmannkx@topsy.com,714-67-3275
755,Daloris,Dall,Female,27 Upham Plaza,ddallky@yolasite.com,807-41-7934
756,Sharona,Millican,Female,49 Fulton Alley,smillicankz@usgs.gov,779-05-0665
757,Blondell,Franzman,Female,8 Farmco Center,bfranzmanl0@techcrunch.com,240-42-6025
758,Dyane,Mewitt,Female,2245 Oak Drive,dmewittl1@whitehouse.gov,752-93-9365
759,Ritchie,Arkell,Male,607 Crescent Oaks Avenue,rarkelll2@unc.edu,227-69-8716
760,Stanislaw,Kundt,Male,3 Cordelia Circle,skundtl3@wordpress.org,865-93-0380
761,Maximilianus,Trasler,Male,7 4th Point,mtraslerl4@ning.com,661-19-0036
762,Nettle,Brahms,Female,7387 Schmedeman Crossing,nbrahmsl5@wsj.com,168-09-6501
763,Holden,Rodgerson,Male,371 Milwaukee Pass,hrodgersonl6@unblog.fr,456-95-8250
764,Rosetta,Older,Female,1010 Farragut Court,rolderl7@cpanel.net,153-62-5035
765,Kathryn,Gutierrez,Female,747 Oak Road,kgutierrezl8@google.cn,402-16-0325
766,Ferrel,Hucklesby,Male,65965 Stone Corner Plaza,fhucklesbyl9@meetup.com,628-72-8257
767,Marcelline,McMyler,Female,6 Crowley Center,mmcmylerla@msn.com,732-45-4170
768,Chevy,McCaughey,Male,0 Sunbrook Junction,cmccaugheylb@over-blog.com,340-59-3625
769,Liana,Dorey,Female,67 Jana Point,ldoreylc@a8.net,233-44-8691
770,Northrup,Lovatt,Male,9845 Elmside Avenue,nlovattld@army.mil,285-24-0939
771,Aubert,Echelle,Male,8 Myrtle Way,aechellele@house.gov,334-32-4083
772,Simeon,Tammadge,Male,7 Briar Crest Alley,stammadgelf@reddit.com,132-94-1528
773,Sherwynd,Eagar,Male,7 Butterfield Crossing,seagarlg@sun.com,759-93-6276
774,Arnie,Tuffin,Male,2994 Northridge Circle,atuffinlh@bravesites.com,126-84-8985
775,Imogen,Chancellor,Female,51432 Clarendon Circle,ichancellorli@jugem.jp,509-70-8291
776,Cristina,Lacroux,Female,5 Macpherson Drive,clacrouxlj@springer.com,622-59-0171
777,Ulrick,Pond,Male,17 Hollow Ridge Crossing,upondlk@theglobeandmail.com,614-40-2359
778,Isac,Slipper,Male,0146 Arkansas Pass,islipperll@phoca.cz,396-47-9337
779,Korey,Ormonde,Male,90 Summer Ridge Lane,kormondelm@bloglovin.com,350-90-6393
780,Pierce,McGlade,Male,601 Monument Junction,pmcgladeln@unesco.org,213-20-4063
781,Alic,Whife,Male,85 Tony Trail,awhifelo@4shared.com,520-32-2716
782,Chere,Spearman,Female,023 Stoughton Crossing,cspearmanlp@macromedia.com,154-16-7346
783,Trude,Michel,Female,9368 Kingsford Point,tmichellq@auda.org.au,633-36-1497
784,Alexandro,Plante,Male,3 Manitowish Hill,aplantelr@163.com,446-53-5461
785,Celia,D'Adamo,Female,3295 Cambridge Lane,cdadamols@photobucket.com,708-06-6057
786,Clementia,Colquyte,Female,1 Delaware Road,ccolquytelt@biglobe.ne.jp,368-76-5284
787,Jorrie,Onion,Female,09 4th Point,jonionlu@4shared.com,504-62-8207
788,Keir,Cratchley,Male,5595 Glacier Hill Court,kcratchleylv@usatoday.com,589-56-8467
789,Goddard,Lamar,Male,577 Maple Wood Point,glamarlw@etsy.com,427-10-4981
790,Ethelbert,Lindhe,Male,40445 Knutson Parkway,elindhelx@altervista.org,732-19-9543
791,Sara-ann,Hardington,Female,491 Montana Circle,shardingtonly@harvard.edu,471-47-1073
792,Aluino,Trevethan,Male,304 Mendota Circle,atrevethanlz@dot.gov,200-58-7039
793,Hal,Castiglione,Male,20043 Carioca Plaza,hcastiglionem0@accuweather.com,687-68-3830
794,Eveline,Kipping,Female,3443 Continental Crossing,ekippingm1@noaa.gov,282-21-5653
795,Tucky,Adamczyk,Male,678 Texas Drive,tadamczykm2@smh.com.au,132-16-6260
796,Augustus,Hambleton,Male,66 Park Meadow Point,ahambletonm3@wp.com,718-45-1627
797,Sherwynd,Tretter,Male,78 Hauk Street,stretterm4@virginia.edu,303-58-8036
798,Viole,Streatley,Female,57 Red Cloud Alley,vstreatleym5@yellowbook.com,782-60-8157
799,Amitie,Harrigan,Female,4 Mandrake Street,aharriganm6@diigo.com,878-72-0286
800,Leslie,Grinin,Female,53 Oak Valley Pass,lgrininm7@time.com,402-62-2859
801,Nils,Danilewicz,Male,5969 Lunder Circle,ndanilewiczm8@cdc.gov,812-85-0973
802,Marielle,Lethabridge,Female,733 Elgar Alley,mlethabridgem9@sitemeter.com,737-48-4625
803,Andeee,Alexsandrovich,Female,66 Dottie Street,aalexsandrovichma@earthlink.net,648-97-1231
804,Ariadne,Giotto,Female,2240 Norway Maple Alley,agiottomb@pen.io,192-18-1679
805,Wesley,Rex,Male,4461 Dixon Avenue,wrexmc@wix.com,330-02-9949
806,Briny,O'Loughane,Female,7 Porter Crossing,boloughanemd@twitter.com,151-55-7098
807,Henderson,Parsley,Male,6 Utah Way,hparsleyme@instagram.com,777-89-5185
808,Arielle,Dwine,Female,45931 Arrowood Street,adwinemf@wiley.com,121-83-7517
809,Karilynn,Brunger,Female,6 Eliot Park,kbrungermg@gmpg.org,363-79-3052
810,Lodovico,Mc Cahey,Male,8124 Sheridan Pass,lmccaheymh@macromedia.com,579-37-2513
811,Wolfgang,Clitheroe,Male,086 Gulseth Court,wclitheroemi@de.vu,708-99-6440
812,Granville,Bartusek,Male,2 Westridge Point,gbartusekmj@fema.gov,218-16-3973
813,Rozalie,Chern,Female,37 Cherokee Park,rchernmk@who.int,452-88-0654
814,Camella,Brandom,Female,1 Helena Way,cbrandomml@vk.com,163-57-1248
815,Reese,Heinert,Male,7167 Beilfuss Junction,rheinertmm@japanpost.jp,322-88-6254
816,Caresse,Binfield,Female,211 Annamark Court,cbinfieldmn@theatlantic.com,195-95-7423
817,Cyrillus,Baszniak,Male,6 Sugar Drive,cbaszniakmo@chicagotribune.com,105-78-1052
818,Greta,Leguay,Female,819 Annamark Crossing,gleguaymp@skyrock.com,878-30-3035
819,Eadith,Hanton,Female,94602 Namekagon Plaza,ehantonmq@webs.com,557-99-9756
820,Joye,Cridland,Female,6 Superior Circle,jcridlandmr@wunderground.com,819-85-1539
821,Alejandro,Jayume,Male,2 Golf Hill,ajayumems@dropbox.com,560-19-7666
822,Dietrich,Laws,Male,634 1st Park,dlawsmt@toplist.cz,788-66-4818
823,Bryce,Alliband,Male,68 Toban Place,ballibandmu@kickstarter.com,840-10-8025
824,Arden,De Simone,Female,56 Caliangt Trail,adesimonemv@nifty.com,598-08-5538
825,Lorens,Kittel,Male,69 Michigan Point,lkittelmw@cloudflare.com,404-75-8055
826,Dal,MacGoun,Male,5056 Melby Plaza,dmacgounmx@slate.com,849-28-0059
827,Nathanael,Bicker,Male,24797 Bunting Drive,nbickermy@uiuc.edu,419-12-0391
828,Marybeth,Alison,Female,503 Homewood Center,malisonmz@1688.com,472-73-5398
829,Cariotta,Matterface,Female,1 Shoshone Park,cmatterfacen0@t.co,696-14-9380
830,Willis,Lyman,Male,60857 Center Avenue,wlymann1@freewebs.com,803-64-2773
831,Rock,Mapes,Male,63379 Dixon Center,rmapesn2@state.tx.us,234-33-5461
832,Ely,d' Eye,Male,215 Elka Trail,edeyen3@flavors.me,368-06-8663
833,Tonya,Grahlman,Female,3143 Northfield Terrace,tgrahlmann4@miitbeian.gov.cn,110-15-4171
834,Jarrett,Becraft,Male,45 Monterey Terrace,jbecraftn5@europa.eu,426-35-5046
835,Win,Winston,Male,85380 Quincy Park,wwinstonn6@apache.org,233-37-7907
836,Jephthah,Gascone,Male,7656 Stone Corner Way,jgasconen7@com.com,296-62-7868
837,Beatrice,Syson,Female,49 Sauthoff Plaza,bsysonn8@facebook.com,104-71-1976
838,Meredeth,Holtham,Male,3148 Saint Paul Center,mholthamn9@independent.co.uk,507-91-8902
839,Marice,Genders,Female,47183 Loeprich Park,mgendersna@mtv.com,411-20-5443
840,Basile,Le Barr,Male,89790 Parkside Place,blebarrnb@photobucket.com,585-24-3240
841,Robenia,Jephcote,Female,52092 Kim Avenue,rjephcotenc@europa.eu,355-46-7096
842,Pattie,Bastie,Female,591 Dahle Lane,pbastiend@sciencedaily.com,119-68-3534
843,Emelyne,Joselovitch,Female,39845 Sutherland Junction,ejoselovitchne@ezinearticles.com,668-55-9224
844,Shalne,Stickins,Female,595 Meadow Valley Way,sstickinsnf@phoca.cz,381-28-8416
845,Hillier,Cawthorn,Male,7267 Daystar Road,hcawthornng@artisteer.com,524-96-6074
846,Pat,Beecroft,Female,18 Onsgard Junction,pbeecroftnh@home.pl,547-83-1627
847,Pacorro,Venditto,Male,75499 Paget Court,pvendittoni@google.ru,523-63-5191
848,Olivier,Pressdee,Male,6023 Forest Dale Court,opressdeenj@sogou.com,833-39-0235
849,Ferguson,Dabbs,Male,556 Barnett Alley,fdabbsnk@aboutads.info,829-89-0341
850,Far,Ditts,Male,7705 8th Point,fdittsnl@nature.com,615-04-4369
851,Birch,Klimowski,Male,4 Algoma Place,bklimowskinm@globo.com,384-74-8525
852,Thorpe,Bollins,Male,2460 School Way,tbollinsnn@google.es,542-33-2163
853,Sharyl,Kinnerley,Female,9174 Rigney Road,skinnerleyno@newsvine.com,111-82-5442
854,Vittorio,Gillise,Male,87 Thierer Place,vgillisenp@timesonline.co.uk,176-35-7527
855,Tyler,Fermin,Male,6909 High Crossing Hill,tferminnq@whitehouse.gov,827-23-9943
856,Matteo,Verrall,Male,40796 Dryden Parkway,mverrallnr@elpais.com,229-34-4774
857,Quintina,Timblett,Female,2 Debra Hill,qtimblettns@npr.org,542-77-2494
858,Broddie,Laddle,Male,0 Twin Pines Way,bladdlent@webeden.co.uk,712-61-5180
859,Starlene,Livard,Female,56754 Vidon Way,slivardnu@yahoo.com,701-41-4590
860,Fabe,Luc,Male,7 Sundown Hill,flucnv@abc.net.au,891-57-0303
861,Millisent,Pyrke,Female,37781 Troy Place,mpyrkenw@mozilla.org,103-67-9380
862,Norine,Gladdifh,Female,536 Dryden Alley,ngladdifhnx@pinterest.com,317-38-0298
863,Lurlene,Ladloe,Female,48147 Lyons Trail,lladloeny@pagesperso-orange.fr,674-23-2227
864,Rochette,Blackway,Female,3 Menomonie Circle,rblackwaynz@sohu.com,873-61-3486
865,Sharyl,Jordon,Female,540 Weeping Birch Pass,sjordono0@abc.net.au,594-47-9801
866,Pepito,Perott,Male,4 Carey Court,pperotto1@bigcartel.com,759-63-3205
867,Michal,Spurnier,Female,9 Elmside Junction,mspurniero2@google.co.uk,709-24-6496
868,Harmonie,Le feaver,Female,4 Hermina Avenue,hlefeavero3@macromedia.com,597-63-4325
869,Niles,Sollas,Male,15 Fallview Crossing,nsollaso4@cam.ac.uk,148-61-3145
870,Odie,Goodright,Male,10 Nobel Park,ogoodrighto5@sfgate.com,348-52-7539
871,Giovanni,Whybrow,Male,0 Oneill Terrace,gwhybrowo6@angelfire.com,577-73-8187
872,Denna,Dobing,Female,7 Anhalt Alley,ddobingo7@usnews.com,487-05-0825
873,Huey,Cormack,Male,8948 Haas Way,hcormacko8@oracle.com,467-58-5776
874,Aurelie,Savill,Female,52 Gerald Lane,asavillo9@dailymotion.com,175-04-5731
875,Lishe,Haslock,Female,9340 School Drive,lhaslockoa@npr.org,259-73-6696
876,Rhody,Jelley,Female,71 Ilene Plaza,rjelleyob@dot.gov,119-22-6739
877,Frans,Clift,Male,815 Hanson Point,fcliftoc@sciencedaily.com,167-96-7772
878,Peggy,Benyan,Female,55819 Carey Place,pbenyanod@deliciousdays.com,851-81-5049
879,Brnaby,Robatham,Male,63338 Hoffman Parkway,brobathamoe@shutterfly.com,421-28-6124
880,Kenny,Reuble,Male,0215 Oneill Park,kreubleof@nbcnews.com,840-21-4966
881,Noelyn,May,Female,0 Shoshone Circle,nmayog@unc.edu,258-54-9340
882,Tim,Baradel,Female,192 Autumn Leaf Plaza,tbaradeloh@indiatimes.com,313-02-7394
883,Brett,Duran,Male,22097 Bonner Way,bduranoi@blogtalkradio.com,511-44-6998
884,Illa,Lighten,Female,3704 Iowa Circle,ilightenoj@epa.gov,758-17-1343
885,Rena,Hartigan,Female,42 Carberry Trail,rhartiganok@miibeian.gov.cn,770-63-9836
886,Early,Goodwell,Male,0636 Emmet Trail,egoodwellol@cdbaby.com,792-37-5030
887,Mendel,Garrould,Male,14024 Truax Junction,mgarrouldom@i2i.jp,572-81-3960
888,Dame,Featherstone,Male,41718 Nova Road,dfeatherstoneon@posterous.com,500-44-5783
889,Pearce,Kingsnod,Male,530 Tennyson Parkway,pkingsnodoo@sina.com.cn,828-76-4527
890,Stefanie,Rosbotham,Female,9 Corben Park,srosbothamop@studiopress.com,393-38-1243
891,Shauna,Billett,Female,9 Carey Alley,sbillettoq@deliciousdays.com,684-23-2868
892,Herve,Biggadike,Male,56 Golf Course Junction,hbiggadikeor@istockphoto.com,628-95-2159
893,Algernon,Strother,Male,897 Harbort Point,astrotheros@exblog.jp,674-02-1526
894,Ainslie,Davenhall,Female,1 Chive Lane,adavenhallot@cmu.edu,741-28-5313
895,Lynnett,Kuhndel,Female,96025 Sherman Parkway,lkuhndelou@forbes.com,389-02-2316
896,Aliza,Eiler,Female,0 Kenwood Way,aeilerov@utexas.edu,350-62-1512
897,Silvan,Tirrell,Male,2 Orin Parkway,stirrellow@i2i.jp,197-06-9875
898,Dorey,Korba,Male,81015 Granby Park,dkorbaox@ebay.com,173-84-9871
899,Normand,Quemby,Male,58 Green Plaza,nquembyoy@blog.com,195-94-1882
900,Klarrisa,Julian,Female,3881 Loeprich Terrace,kjulianoz@mozilla.org,473-32-2271
901,Chelsie,Brunning,Female,1733 Eagle Crest Way,cbrunningp0@whitehouse.gov,503-71-0310
902,Carleton,Maddaford,Male,5592 Montana Point,cmaddafordp1@freewebs.com,767-30-4820
903,Bird,Farnon,Female,4 Basil Street,bfarnonp2@freewebs.com,808-68-5143
904,Arluene,Scutter,Female,18637 Oriole Crossing,ascutterp3@domainmarket.com,671-13-0292
905,Mirella,Layton,Female,3413 Roth Plaza,mlaytonp4@auda.org.au,268-06-4245
906,Titos,Petrushanko,Male,4 Anhalt Circle,tpetrushankop5@bing.com,289-67-6262
907,Rania,Taggerty,Female,63954 Lotheville Circle,rtaggertyp6@xinhuanet.com,336-87-5613
908,Moore,Ion,Male,1747 Myrtle Lane,mionp7@ovh.net,318-68-9930
909,Bobby,Degg,Female,84 Dorton Terrace,bdeggp8@dropbox.com,659-68-0509
910,Margot,Eastridge,Female,2602 Rieder Court,meastridgep9@comcast.net,474-90-5072
911,Laney,McLorinan,Male,0 Mayfield Drive,lmclorinanpa@mapy.cz,250-62-4107
912,Consuelo,Weare,Female,3 Riverside Way,cwearepb@devhub.com,247-78-2136
913,Cindy,Kalisz,Female,4797 Declaration Terrace,ckaliszpc@va.gov,827-35-1240
914,Cordy,Illingsworth,Female,4 International Road,cillingsworthpd@liveinternet.ru,339-84-2569
915,Nertie,Chaston,Female,00242 Porter Terrace,nchastonpe@amazon.com,671-44-3499
916,Dwayne,Viger,Male,7273 Larry Terrace,dvigerpf@samsung.com,621-51-5823
917,Corliss,Deveraux,Female,13643 Melby Park,cdeverauxpg@earthlink.net,285-73-4054
918,Corrianne,Varcoe,Female,6008 Beilfuss Pass,cvarcoeph@miibeian.gov.cn,295-19-8962
919,Zondra,Lynes,Female,27523 Maywood Crossing,zlynespi@yolasite.com,775-46-7152
920,Ezri,Kennler,Male,2799 Esker Circle,ekennlerpj@comsenz.com,393-02-7488
921,Cindie,Loy,Female,18 Westport Alley,cloypk@alexa.com,721-44-6230
922,Derrek,Readwood,Male,08 Rockefeller Alley,dreadwoodpl@surveymonkey.com,643-45-4486
923,Roshelle,Dufer,Female,6643 Mosinee Court,rduferpm@answers.com,785-30-4117
924,Toby,Giametti,Male,0 Norway Maple Park,tgiamettipn@vinaora.com,240-54-5946
925,Daryn,Greatorex,Female,7237 Welch Way,dgreatorexpo@barnesandnoble.com,177-03-6727
926,Gustavus,Siveyer,Male,9 Eagle Crest Circle,gsiveyerpp@ow.ly,410-48-0995
927,Jaynell,Hulbert,Female,314 Mariners Cove Drive,jhulbertpq@fotki.com,141-97-4881
928,Royal,Ryman,Male,61 Bunker Hill Trail,rrymanpr@angelfire.com,724-72-5231
929,Wilton,Spittle,Male,076 Mallory Junction,wspittleps@usa.gov,182-79-4617
930,Ida,Gibbon,Female,275 Raven Terrace,igibbonpt@163.com,482-79-1503
931,Rufus,Bullers,Male,01713 Oak Valley Avenue,rbullerspu@ibm.com,742-39-3193
932,Gwendolen,Dye,Female,9 Saint Paul Point,gdyepv@tiny.cc,451-03-4638
933,Fanni,Rowell,Female,952 Coolidge Drive,frowellpw@dyndns.org,600-93-1276
934,Marco,MacShane,Male,02 Spenser Hill,mmacshanepx@sphinn.com,130-96-8791
935,Julianna,Gravett,Female,8 Michigan Lane,jgravettpy@china.com.cn,142-06-4631
936,Trumann,Doudney,Male,50 Pankratz Plaza,tdoudneypz@hatena.ne.jp,521-65-0904
937,Moses,Northridge,Male,204 Morningstar Court,mnorthridgeq0@pcworld.com,139-92-1886
938,Stanislaw,Michelin,Male,3617 Commercial Terrace,smichelinq1@vimeo.com,185-02-7595
939,Bryanty,Ewence,Male,08020 Glacier Hill Point,bewenceq2@twitpic.com,592-97-9580
940,Ker,Tebbutt,Male,86795 Canary Parkway,ktebbuttq3@fda.gov,340-77-7114
941,Frannie,Clucas,Male,083 Lunder Place,fclucasq4@home.pl,623-18-0922
942,Nester,Pistol,Male,5590 Stephen Point,npistolq5@acquirethisname.com,264-38-0971
943,Diann,Paley,Female,27477 Oak Valley Junction,dpaleyq6@rambler.ru,589-52-9313
944,Sheffie,Castell,Male,96 Hayes Pass,scastellq7@surveymonkey.com,364-97-0446
945,Perrine,Baldery,Female,97 Tennyson Street,pbalderyq8@wikia.com,554-17-2249
946,Maressa,Filson,Female,3 Toban Park,mfilsonq9@soundcloud.com,148-79-0462
947,Denys,Ramos,Female,20612 Forest Run Pass,dramosqa@census.gov,461-78-7865
948,Desiree,Haill,Female,2 Farmco Center,dhaillqb@imdb.com,496-97-7433
949,North,Eslie,Male,4 Gina Drive,neslieqc@wp.com,194-03-4814
950,Christophe,Davenport,Male,41320 Hoepker Trail,cdavenportqd@walmart.com,830-94-5421
951,Jeffy,De Domenicis,Male,590 Walton Crossing,jdedomenicisqe@liveinternet.ru,115-39-3236
952,Mikkel,Painswick,Male,42613 Ronald Regan Alley,mpainswickqf@cnbc.com,109-45-3166
953,Svend,Cavaney,Male,43741 Shoshone Circle,scavaneyqg@gizmodo.com,279-55-6189
954,Garv,Gerb,Male,82 New Castle Parkway,ggerbqh@businessinsider.com,757-68-2424
955,Zed,Murphey,Male,02413 Golden Leaf Plaza,zmurpheyqi@europa.eu,549-69-5437
956,Kelsi,Di Ruggiero,Female,03431 Orin Court,kdiruggieroqj@ehow.com,807-81-3327
957,Alric,Davidowsky,Male,56823 Dottie Way,adavidowskyqk@ebay.co.uk,746-17-9643
958,Yvon,Cowdery,Male,417 Sommers Center,ycowderyql@canalblog.com,849-44-5664
959,Lynde,Everal,Female,9404 Mayfield Trail,leveralqm@lulu.com,834-99-4441
960,Mylo,Broe,Male,2818 Harbort Pass,mbroeqn@reuters.com,899-95-1211
961,Pinchas,Leadbeatter,Male,28 Harbort Avenue,pleadbeatterqo@t-online.de,185-25-2643
962,Agnes,Degenhardt,Female,131 Packers Road,adegenhardtqp@umn.edu,507-72-3469
963,Rita,Ferri,Female,82 Springview Center,rferriqq@tinyurl.com,412-38-9457
964,Lynette,Dietsche,Female,80 Bayside Point,ldietscheqr@wired.com,270-20-0159
965,Rana,Zupone,Female,7 Ridgeview Road,rzuponeqs@senate.gov,423-61-2772
966,Raymond,Townend,Male,18726 Forest Way,rtownendqt@sfgate.com,776-12-0557
967,Viv,Pedrick,Female,4544 Pine View Street,vpedrickqu@scribd.com,215-10-4568
968,Franklin,Etches,Male,92889 Northview Way,fetchesqv@businessinsider.com,755-25-2693
969,Hannah,Keddie,Female,91 Garrison Plaza,hkeddieqw@springer.com,602-47-6631
970,Torey,Downham,Male,9740 Eggendart Junction,tdownhamqx@upenn.edu,246-59-7319
971,Heindrick,Lethbrig,Male,67 Grayhawk Alley,hlethbrigqy@discuz.net,301-30-9714
972,Maressa,Sellers,Female,89878 Sunnyside Park,msellersqz@flickr.com,611-70-3955
973,Jerrilyn,Toleman,Female,9 Annamark Terrace,jtolemanr0@vistaprint.com,441-78-4040
974,Dur,Whittam,Male,27939 Oak Valley Way,dwhittamr1@cnet.com,672-49-2149
975,Aubree,Besant,Female,110 Northland Court,abesantr2@europa.eu,567-30-7075
976,Dollie,Saulter,Female,0358 Starling Place,dsaulterr3@pinterest.com,751-39-1866
977,Lia,Gristock,Female,6837 Longview Center,lgristockr4@alibaba.com,177-44-4438
978,Desi,Mohammed,Male,1 Schurz Hill,dmohammedr5@surveymonkey.com,846-14-8543
979,Malena,Filipowicz,Female,1 Prentice Park,mfilipowiczr6@yellowpages.com,842-66-1037
980,Sidney,Bracher,Male,288 8th Lane,sbracherr7@miitbeian.gov.cn,608-94-4208
981,Dawn,Clynmans,Female,1 Erie Lane,dclynmansr8@ca.gov,315-45-1932
982,Merill,Shevill,Male,6892 Welch Alley,mshevillr9@state.tx.us,636-83-5108
983,Yolanthe,Landsborough,Female,90617 Pepper Wood Court,ylandsboroughra@illinois.edu,522-66-5767
984,Michele,Sidebotton,Male,40929 Artisan Way,msidebottonrb@java.com,443-36-7852
985,Martainn,Aldins,Male,01 Ohio Center,maldinsrc@stumbleupon.com,522-82-6321
986,Bernie,Ygo,Male,16 Grasskamp Drive,bygord@aol.com,336-16-5380
987,Conchita,Nickoles,Female,57671 Melby Point,cnickolesre@miitbeian.gov.cn,239-28-5355
988,Gray,Abbiss,Female,4669 Eastwood Pass,gabbissrf@elpais.com,462-78-9338
989,Ronica,Alennikov,Female,2533 Parkside Point,ralennikovrg@google.fr,302-48-6429
990,Nicola,Norvill,Male,369 Buhler Court,nnorvillrh@photobucket.com,722-66-7894
991,Bordy,Kayzer,Male,49 Barnett Place,bkayzerri@macromedia.com,192-69-9945
992,Brennen,Pinches,Male,38201 Quincy Drive,bpinchesrj@vimeo.com,248-75-0959
993,Bertrand,Bonelle,Male,9 Myrtle Point,bbonellerk@home.pl,614-25-2286
994,Hugues,Ladell,Male,6 Scoville Street,hladellrl@boston.com,790-34-8716
995,Merci,Duffield,Female,2462 Merrick Circle,mduffieldrm@cbc.ca,817-79-6158
996,Blakelee,Agg,Female,0795 Huxley Lane,baggrn@tripadvisor.com,288-19-4323
997,Glad,Devanney,Female,3095 Sugar Terrace,gdevanneyro@kickstarter.com,533-52-9869
998,Morris,Broomhead,Male,3 Texas Crossing,mbroomheadrp@salon.com,439-98-1165
999,Brigham,Ansley,Male,7723 Del Mar Terrace,bansleyrq@wix.com,630-33-2805
1000,Alisander,Brahan,Male,29 Monterey Avenue,abrahanrr@feedburner.com,425-30-7188
